CLASS,TERM,TRANSFORMED_FEATURE,COEFFICIENT
0,INTERCEPT,INTERCEPT,-0.0010403535092721676
0,STATE_LAG_0,STATE_LAG_0__basis_0,0.39093575105380973
0,STATE_LAG_0,STATE_LAG_0__basis_1,-0.10824486862942027
0,STATE_LAG_0,STATE_LAG_0__basis_2,-0.16479894340694587
0,SPXT_LAG_0,SPXT_LAG_0__basis_0,-0.05293064345558553
0,SPXT_LAG_0,SPXT_LAG_0__basis_1,-0.04164489960119443
0,SPXT_LAG_0,SPXT_LAG_0__basis_2,-0.029078741941997648
0,SPXT_LAG_0,SPXT_LAG_0__basis_3,0.028201578824927506
0,SPXT_LAG_0,SPXT_LAG_0__basis_4,0.05631739493507048
0,SPXT_LAG_0,SPXT_LAG_0__basis_5,0.02174928962526479
0,SPXT_LAG_0,SPXT_LAG_0__basis_6,0.015268872716445527
0,DBLCIX_LAG_0,DBLCIX_LAG_0__basis_0,-0.03685691005345249
0,DBLCIX_LAG_0,DBLCIX_LAG_0__basis_1,-0.029955434964931603
0,DBLCIX_LAG_0,DBLCIX_LAG_0__basis_2,-0.022100211095641184
0,DBLCIX_LAG_0,DBLCIX_LAG_0__basis_3,0.001897075473994098
0,DBLCIX_LAG_0,DBLCIX_LAG_0__basis_4,0.02655752206833919
0,DBLCIX_LAG_0,DBLCIX_LAG_0__basis_5,0.029337418656061542
0,DBLCIX_LAG_0,DBLCIX_LAG_0__basis_6,0.03293387173044684
0,IBOXIG_LAG_0,IBOXIG_LAG_0__basis_0,-0.03028882115218217
0,IBOXIG_LAG_0,IBOXIG_LAG_0__basis_1,-0.02377238809445011
0,IBOXIG_LAG_0,IBOXIG_LAG_0__basis_2,-0.015778745752187528
0,IBOXIG_LAG_0,IBOXIG_LAG_0__basis_3,-0.0004331911546984989
0,IBOXIG_LAG_0,IBOXIG_LAG_0__basis_4,0.029511352825060195
0,IBOXIG_LAG_0,IBOXIG_LAG_0__basis_5,0.024090382666461883
0,IBOXIG_LAG_0,IBOXIG_LAG_0__basis_6,0.01826479774430007
0,JPEICORE_LAG_0,JPEICORE_LAG_0__basis_0,-0.07092535619600299
0,JPEICORE_LAG_0,JPEICORE_LAG_0__basis_1,-0.05934125607723694
0,JPEICORE_LAG_0,JPEICORE_LAG_0__basis_2,-0.04844687326803068
0,JPEICORE_LAG_0,JPEICORE_LAG_0__basis_3,-0.029763026956166058
0,JPEICORE_LAG_0,JPEICORE_LAG_0__basis_4,0.039997458279239076
0,JPEICORE_LAG_0,JPEICORE_LAG_0__basis_5,0.07477916910062718
0,JPEICORE_LAG_0,JPEICORE_LAG_0__basis_6,0.09134889689852428
0,LT11TRUU_LAG_0,LT11TRUU_LAG_0__basis_0,-0.008980044302785817
0,LT11TRUU_LAG_0,LT11TRUU_LAG_0__basis_1,-0.001913423575897854
0,LT11TRUU_LAG_0,LT11TRUU_LAG_0__basis_2,0.0149833778004693
0,LT11TRUU_LAG_0,LT11TRUU_LAG_0__basis_3,0.04903957180757586
0,LT11TRUU_LAG_0,LT11TRUU_LAG_0__basis_4,0.034353743194270175
0,LT11TRUU_LAG_0,LT11TRUU_LAG_0__basis_5,-0.021937166562198598
0,LT11TRUU_LAG_0,LT11TRUU_LAG_0__basis_6,-0.05788591935034676
0,LBUTTRUU_LAG_0,LBUTTRUU_LAG_0__basis_0,-0.004641083443137859
0,LBUTTRUU_LAG_0,LBUTTRUU_LAG_0__basis_1,-0.002943375208074046
0,LBUTTRUU_LAG_0,LBUTTRUU_LAG_0__basis_2,0.00044751112434376894
0,LBUTTRUU_LAG_0,LBUTTRUU_LAG_0__basis_3,0.01006693087804582
0,LBUTTRUU_LAG_0,LBUTTRUU_LAG_0__basis_4,0.006580234140075115
0,LBUTTRUU_LAG_0,LBUTTRUU_LAG_0__basis_5,0.001292946936119132
0,LBUTTRUU_LAG_0,LBUTTRUU_LAG_0__basis_6,-0.006794092946319872
0,DURATION_STATE_0,DURATION_STATE_0__basis_0,-0.4014916242550962
0,DURATION_STATE_0,DURATION_STATE_0__basis_1,-0.2117201779207305
0,DURATION_STATE_0,DURATION_STATE_0__basis_2,0.08843741016528164
0,DURATION_STATE_0,DURATION_STATE_0__basis_3,0.1634270422314704
0,DURATION_STATE_0,DURATION_STATE_0__basis_4,0.12559036932511694
0,DURATION_STATE_0,DURATION_STATE_0__basis_5,0.12547026749134907
0,DURATION_STATE_0,DURATION_STATE_0__basis_6,0.13045864939124802
0,DURATION_STATE_1,DURATION_STATE_1__basis_0,0.06881993127229534
0,DURATION_STATE_1,DURATION_STATE_1__basis_1,0.02267663538087233
0,DURATION_STATE_1,DURATION_STATE_1__basis_2,-0.05260300569219754
0,DURATION_STATE_1,DURATION_STATE_1__basis_3,-0.06044075861919724
0,DURATION_STATE_1,DURATION_STATE_1__basis_4,-0.033082556562218014
0,DURATION_STATE_1,DURATION_STATE_1__basis_5,0.006203130422323781
0,DURATION_STATE_1,DURATION_STATE_1__basis_6,0.03343070151312099
0,DURATION_STATE_2,DURATION_STATE_2__basis_0,0.13377956489764004
0,DURATION_STATE_2,DURATION_STATE_2__basis_1,0.058989667259478004
0,DURATION_STATE_2,DURATION_STATE_2__basis_2,-0.06409207282225332
0,DURATION_STATE_2,DURATION_STATE_2__basis_3,-0.08551150584042752
0,DURATION_STATE_2,DURATION_STATE_2__basis_4,-0.04317460659734485
0,DURATION_STATE_2,DURATION_STATE_2__basis_5,-0.01432254524697149
0,DURATION_STATE_2,DURATION_STATE_2__basis_6,0.0014193604279785917
0,DURATION_STATE_3,DURATION_STATE_3__basis_0,0.22862397228118603
0,DURATION_STATE_3,DURATION_STATE_3__basis_1,0.14955761449252544
0,DURATION_STATE_3,DURATION_STATE_3__basis_2,0.023336735001038576
0,DURATION_STATE_3,DURATION_STATE_3__basis_3,-0.05706852463281241
0,DURATION_STATE_3,DURATION_STATE_3__basis_4,-0.09121529619837965
0,DURATION_STATE_3,DURATION_STATE_3__basis_5,-0.11535729595489283
0,DURATION_STATE_3,DURATION_STATE_3__basis_6,-0.13900627757357042
1,INTERCEPT,INTERCEPT,-0.0006430608316229559
1,STATE_LAG_0,STATE_LAG_0__basis_0,-0.11691468331575343
1,STATE_LAG_0,STATE_LAG_0__basis_1,0.3073199218546599
1,STATE_LAG_0,STATE_LAG_0__basis_2,-0.13574128071571323
1,SPXT_LAG_0,SPXT_LAG_0__basis_0,0.03961162818319773
1,SPXT_LAG_0,SPXT_LAG_0__basis_1,0.03407851682417173
1,SPXT_LAG_0,SPXT_LAG_0__basis_2,0.03259056976859423
1,SPXT_LAG_0,SPXT_LAG_0__basis_3,0.022522411520030795
1,SPXT_LAG_0,SPXT_LAG_0__basis_4,-0.02790965087492853
1,SPXT_LAG_0,SPXT_LAG_0__basis_5,-0.046668240651749446
1,SPXT_LAG_0,SPXT_LAG_0__basis_6,-0.05994824806004328
1,DBLCIX_LAG_0,DBLCIX_LAG_0__basis_0,-0.017946675820521278
1,DBLCIX_LAG_0,DBLCIX_LAG_0__basis_1,-0.013639295188343638
1,DBLCIX_LAG_0,DBLCIX_LAG_0__basis_2,-0.007402719483738318
1,DBLCIX_LAG_0,DBLCIX_LAG_0__basis_3,0.007402533285355396
1,DBLCIX_LAG_0,DBLCIX_LAG_0__basis_4,0.0284319220500214
1,DBLCIX_LAG_0,DBLCIX_LAG_0__basis_5,0.013093092518791661
1,DBLCIX_LAG_0,DBLCIX_LAG_0__basis_6,-0.009618858694571589
1,IBOXIG_LAG_0,IBOXIG_LAG_0__basis_0,0.01782645874557248
1,IBOXIG_LAG_0,IBOXIG_LAG_0__basis_1,0.016914493419837327
1,IBOXIG_LAG_0,IBOXIG_LAG_0__basis_2,0.019229540207638465
1,IBOXIG_LAG_0,IBOXIG_LAG_0__basis_3,0.024296585035500553
1,IBOXIG_LAG_0,IBOXIG_LAG_0__basis_4,-0.0005888495467071677
1,IBOXIG_LAG_0,IBOXIG_LAG_0__basis_5,-0.03287404441576343
1,IBOXIG_LAG_0,IBOXIG_LAG_0__basis_6,-0.04852304556184994
1,JPEICORE_LAG_0,JPEICORE_LAG_0__basis_0,0.04198438162726438
1,JPEICORE_LAG_0,JPEICORE_LAG_0__basis_1,0.03472782783811332
1,JPEICORE_LAG_0,JPEICORE_LAG_0__basis_2,0.027461362538063135
1,JPEICORE_LAG_0,JPEICORE_LAG_0__basis_3,0.011818218542137555
1,JPEICORE_LAG_0,JPEICORE_LAG_0__basis_4,-0.022027759443571566
1,JPEICORE_LAG_0,JPEICORE_LAG_0__basis_5,-0.04412874283316898
1,JPEICORE_LAG_0,JPEICORE_LAG_0__basis_6,-0.05570462502123716
1,LT11TRUU_LAG_0,LT11TRUU_LAG_0__basis_0,-0.012283561457376262
1,LT11TRUU_LAG_0,LT11TRUU_LAG_0__basis_1,-0.0058606043819229405
1,LT11TRUU_LAG_0,LT11TRUU_LAG_0__basis_2,0.007216732682063091
1,LT11TRUU_LAG_0,LT11TRUU_LAG_0__basis_3,0.03731935381526103
1,LT11TRUU_LAG_0,LT11TRUU_LAG_0__basis_4,0.03660322217752472
1,LT11TRUU_LAG_0,LT11TRUU_LAG_0__basis_5,-0.01603556499882697
1,LT11TRUU_LAG_0,LT11TRUU_LAG_0__basis_6,-0.04420151069999812
1,LBUTTRUU_LAG_0,LBUTTRUU_LAG_0__basis_0,0.010365233309797326
1,LBUTTRUU_LAG_0,LBUTTRUU_LAG_0__basis_1,0.008876822102963585
1,LBUTTRUU_LAG_0,LBUTTRUU_LAG_0__basis_2,0.006164416346746844
1,LBUTTRUU_LAG_0,LBUTTRUU_LAG_0__basis_3,0.010959188269118859
1,LBUTTRUU_LAG_0,LBUTTRUU_LAG_0__basis_4,0.0027985785221528404
1,LBUTTRUU_LAG_0,LBUTTRUU_LAG_0__basis_5,-0.01667141578683533
1,LBUTTRUU_LAG_0,LBUTTRUU_LAG_0__basis_6,-0.025685037787922214
1,DURATION_STATE_0,DURATION_STATE_0__basis_0,0.07658380384429807
1,DURATION_STATE_0,DURATION_STATE_0__basis_1,0.028225514819662924
1,DURATION_STATE_0,DURATION_STATE_0__basis_2,-0.04689542885204631
1,DURATION_STATE_0,DURATION_STATE_0__basis_3,-0.048686120706470784
1,DURATION_STATE_0,DURATION_STATE_0__basis_4,-0.019319268665385147
1,DURATION_STATE_0,DURATION_STATE_0__basis_5,-0.010039716652062157
1,DURATION_STATE_0,DURATION_STATE_0__basis_6,0.002360778927993638
1,DURATION_STATE_1,DURATION_STATE_1__basis_0,-0.42256972648479324
1,DURATION_STATE_1,DURATION_STATE_1__basis_1,-0.2506697606130436
1,DURATION_STATE_1,DURATION_STATE_1__basis_2,0.02193127871601707
1,DURATION_STATE_1,DURATION_STATE_1__basis_3,0.14513370006067147
1,DURATION_STATE_1,DURATION_STATE_1__basis_4,0.16895780611949088
1,DURATION_STATE_1,DURATION_STATE_1__basis_5,0.168358761535833
1,DURATION_STATE_1,DURATION_STATE_1__basis_6,0.17787532767360617
1,DURATION_STATE_2,DURATION_STATE_2__basis_0,0.24145431877889517
1,DURATION_STATE_2,DURATION_STATE_2__basis_1,0.15583696608014538
1,DURATION_STATE_2,DURATION_STATE_2__basis_2,0.02281813367132809
1,DURATION_STATE_2,DURATION_STATE_2__basis_3,-0.05789842374766621
1,DURATION_STATE_2,DURATION_STATE_2__basis_4,-0.09630345959002286
1,DURATION_STATE_2,DURATION_STATE_2__basis_5,-0.1221196568238153
1,DURATION_STATE_2,DURATION_STATE_2__basis_6,-0.14660920286746532
1,DURATION_STATE_3,DURATION_STATE_3__basis_0,0.1097087198847599
1,DURATION_STATE_3,DURATION_STATE_3__basis_1,0.07265791731290829
1,DURATION_STATE_3,DURATION_STATE_3__basis_2,0.015049626277660018
1,DURATION_STATE_3,DURATION_STATE_3__basis_3,-0.021590231639975324
1,DURATION_STATE_3,DURATION_STATE_3__basis_4,-0.04421481744221527
1,DURATION_STATE_3,DURATION_STATE_3__basis_5,-0.05978822000287592
1,DURATION_STATE_3,DURATION_STATE_3__basis_6,-0.07390198469924418
2,INTERCEPT,INTERCEPT,0.0012194676347784936
2,STATE_LAG_0,STATE_LAG_0__basis_0,-0.1632994190420774
2,STATE_LAG_0,STATE_LAG_0__basis_1,-0.1282060086453887
2,STATE_LAG_0,STATE_LAG_0__basis_2,0.32908092277170414
2,SPXT_LAG_0,SPXT_LAG_0__basis_0,0.011535214083818584
2,SPXT_LAG_0,SPXT_LAG_0__basis_1,0.012311826618607765
2,SPXT_LAG_0,SPXT_LAG_0__basis_2,0.01971887411680266
2,SPXT_LAG_0,SPXT_LAG_0__basis_3,0.0049139854760749955
2,SPXT_LAG_0,SPXT_LAG_0__basis_4,-0.011203686786921468
2,SPXT_LAG_0,SPXT_LAG_0__basis_5,-0.01181985633037468
2,SPXT_LAG_0,SPXT_LAG_0__basis_6,-0.01463216821303155
2,DBLCIX_LAG_0,DBLCIX_LAG_0__basis_0,0.0288986356060732
2,DBLCIX_LAG_0,DBLCIX_LAG_0__basis_1,0.02453048130185384
2,DBLCIX_LAG_0,DBLCIX_LAG_0__basis_2,0.018544066720609004
2,DBLCIX_LAG_0,DBLCIX_LAG_0__basis_3,0.0059951927213569515
2,DBLCIX_LAG_0,DBLCIX_LAG_0__basis_4,-0.02510211400492004
2,DBLCIX_LAG_0,DBLCIX_LAG_0__basis_5,-0.02358981957680728
2,DBLCIX_LAG_0,DBLCIX_LAG_0__basis_6,-0.017515295143920376
2,IBOXIG_LAG_0,IBOXIG_LAG_0__basis_0,-0.03552433549995131
2,IBOXIG_LAG_0,IBOXIG_LAG_0__basis_1,-0.027042241961744644
2,IBOXIG_LAG_0,IBOXIG_LAG_0__basis_2,-0.016668511387176902
2,IBOXIG_LAG_0,IBOXIG_LAG_0__basis_3,-0.0005178060943102596
2,IBOXIG_LAG_0,IBOXIG_LAG_0__basis_4,0.02938291044528857
2,IBOXIG_LAG_0,IBOXIG_LAG_0__basis_5,0.031866011906244766
2,IBOXIG_LAG_0,IBOXIG_LAG_0__basis_6,0.03445205452000968
2,JPEICORE_LAG_0,JPEICORE_LAG_0__basis_0,-0.03556819904656304
2,JPEICORE_LAG_0,JPEICORE_LAG_0__basis_1,-0.028380211981847505
2,JPEICORE_LAG_0,JPEICORE_LAG_0__basis_2,-0.021411245224001844
2,JPEICORE_LAG_0,JPEICORE_LAG_0__basis_3,-0.0014124906987221068
2,JPEICORE_LAG_0,JPEICORE_LAG_0__basis_4,0.036710474901776154
2,JPEICORE_LAG_0,JPEICORE_LAG_0__basis_5,0.031111634162285476
2,JPEICORE_LAG_0,JPEICORE_LAG_0__basis_6,0.028954343601934322
2,LT11TRUU_LAG_0,LT11TRUU_LAG_0__basis_0,0.006381500387016402
2,LT11TRUU_LAG_0,LT11TRUU_LAG_0__basis_1,0.008823783940683607
2,LT11TRUU_LAG_0,LT11TRUU_LAG_0__basis_2,0.015468385739604532
2,LT11TRUU_LAG_0,LT11TRUU_LAG_0__basis_3,-0.0029887182170423784
2,LT11TRUU_LAG_0,LT11TRUU_LAG_0__basis_4,0.006640426944742764
2,LT11TRUU_LAG_0,LT11TRUU_LAG_0__basis_5,0.012501842781158321
2,LT11TRUU_LAG_0,LT11TRUU_LAG_0__basis_6,-0.01646248049109663
2,LBUTTRUU_LAG_0,LBUTTRUU_LAG_0__basis_0,-0.03997138475801735
2,LBUTTRUU_LAG_0,LBUTTRUU_LAG_0__basis_1,-0.030636897678217027
2,LBUTTRUU_LAG_0,LBUTTRUU_LAG_0__basis_2,-0.019380334897896565
2,LBUTTRUU_LAG_0,LBUTTRUU_LAG_0__basis_3,0.014301089441334692
2,LBUTTRUU_LAG_0,LBUTTRUU_LAG_0__basis_4,0.047382388824690425
2,LBUTTRUU_LAG_0,LBUTTRUU_LAG_0__basis_5,0.02982232672994353
2,LBUTTRUU_LAG_0,LBUTTRUU_LAG_0__basis_6,0.01778420607006427
2,DURATION_STATE_0,DURATION_STATE_0__basis_0,0.11883896148167986
2,DURATION_STATE_0,DURATION_STATE_0__basis_1,0.04908358855662491
2,DURATION_STATE_0,DURATION_STATE_0__basis_2,-0.06391739261604823
2,DURATION_STATE_0,DURATION_STATE_0__basis_3,-0.0649078754313754
2,DURATION_STATE_0,DURATION_STATE_0__basis_4,-0.02445869663328568
2,DURATION_STATE_0,DURATION_STATE_0__basis_5,-0.012196776655519558
2,DURATION_STATE_0,DURATION_STATE_0__basis_6,-0.007533410862276349
2,DURATION_STATE_1,DURATION_STATE_1__basis_0,0.23658650834634343
2,DURATION_STATE_1,DURATION_STATE_1__basis_1,0.1539160066917291
2,DURATION_STATE_1,DURATION_STATE_1__basis_2,0.024731299377612186
2,DURATION_STATE_1,DURATION_STATE_1__basis_3,-0.054818872973995604
2,DURATION_STATE_1,DURATION_STATE_1__basis_4,-0.09332525014396517
2,DURATION_STATE_1,DURATION_STATE_1__basis_5,-0.11952200505539719
2,DURATION_STATE_1,DURATION_STATE_1__basis_6,-0.1440653537413474
2,DURATION_STATE_2,DURATION_STATE_2__basis_0,-0.4027626127784955
2,DURATION_STATE_2,DURATION_STATE_2__basis_1,-0.23023025547119502
2,DURATION_STATE_2,DURATION_STATE_2__basis_2,0.040573856194222706
2,DURATION_STATE_2,DURATION_STATE_2__basis_3,0.1435352312252486
2,DURATION_STATE_2,DURATION_STATE_2__basis_4,0.14741963807045738
2,DURATION_STATE_2,DURATION_STATE_2__basis_5,0.1490516635685507
2,DURATION_STATE_2,DURATION_STATE_2__basis_6,0.16362034009466578
2,DURATION_STATE_3,DURATION_STATE_3__basis_0,0.017991319459945743
2,DURATION_STATE_3,DURATION_STATE_3__basis_1,0.003284785540961784
2,DURATION_STATE_3,DURATION_STATE_3__basis_2,-0.021724720412416642
2,DURATION_STATE_3,DURATION_STATE_3__basis_3,-0.011409202782882287
2,DURATION_STATE_3,DURATION_STATE_3__basis_4,2.116457167549648e-05
2,DURATION_STATE_3,DURATION_STATE_3__basis_5,0.0005390626202042406
2,DURATION_STATE_3,DURATION_STATE_3__basis_6,0.0038129378464923517
3,INTERCEPT,INTERCEPT,0.00046394670611636624
3,STATE_LAG_0,STATE_LAG_0__basis_0,-0.11072164869597803
3,STATE_LAG_0,STATE_LAG_0__basis_1,-0.07086904457985081
3,STATE_LAG_0,STATE_LAG_0__basis_2,-0.028540698649044897
3,SPXT_LAG_0,SPXT_LAG_0__basis_0,0.0017838011885697109
3,SPXT_LAG_0,SPXT_LAG_0__basis_1,-0.004745443841584895
3,SPXT_LAG_0,SPXT_LAG_0__basis_2,-0.023230701943398623
3,SPXT_LAG_0,SPXT_LAG_0__basis_3,-0.05563797582103394
3,SPXT_LAG_0,SPXT_LAG_0__basis_4,-0.017204057273221576
3,SPXT_LAG_0,SPXT_LAG_0__basis_5,0.0367388073568615
3,SPXT_LAG_0,SPXT_LAG_0__basis_6,0.05931154355662808
3,DBLCIX_LAG_0,DBLCIX_LAG_0__basis_0,0.02590495026789987
3,DBLCIX_LAG_0,DBLCIX_LAG_0__basis_1,0.019064248851422952
3,DBLCIX_LAG_0,DBLCIX_LAG_0__basis_2,0.010958863858772904
3,DBLCIX_LAG_0,DBLCIX_LAG_0__basis_3,-0.015294801480710512
3,DBLCIX_LAG_0,DBLCIX_LAG_0__basis_4,-0.029887330113437163
3,DBLCIX_LAG_0,DBLCIX_LAG_0__basis_5,-0.018840691598049214
3,DBLCIX_LAG_0,DBLCIX_LAG_0__basis_6,-0.005799717891954845
3,IBOXIG_LAG_0,IBOXIG_LAG_0__basis_0,0.04798669790656111
3,IBOXIG_LAG_0,IBOXIG_LAG_0__basis_1,0.03390013663635838
3,IBOXIG_LAG_0,IBOXIG_LAG_0__basis_2,0.013217716931731235
3,IBOXIG_LAG_0,IBOXIG_LAG_0__basis_3,-0.023345587786490263
3,IBOXIG_LAG_0,IBOXIG_LAG_0__basis_4,-0.05830541372364255
3,IBOXIG_LAG_0,IBOXIG_LAG_0__basis_5,-0.02308235015694105
3,IBOXIG_LAG_0,IBOXIG_LAG_0__basis_6,-0.004193806702457616
3,JPEICORE_LAG_0,JPEICORE_LAG_0__basis_0,0.0645091736153016
3,JPEICORE_LAG_0,JPEICORE_LAG_0__basis_1,0.05299364022097033
3,JPEICORE_LAG_0,JPEICORE_LAG_0__basis_2,0.0423967559539685
3,JPEICORE_LAG_0,JPEICORE_LAG_0__basis_3,0.019357299112751348
3,JPEICORE_LAG_0,JPEICORE_LAG_0__basis_4,-0.05468017373744293
3,JPEICORE_LAG_0,JPEICORE_LAG_0__basis_5,-0.06176206042974377
3,JPEICORE_LAG_0,JPEICORE_LAG_0__basis_6,-0.06459861547922281
3,LT11TRUU_LAG_0,LT11TRUU_LAG_0__basis_0,0.014882105373145686
3,LT11TRUU_LAG_0,LT11TRUU_LAG_0__basis_1,-0.0010497559828633936
3,LT11TRUU_LAG_0,LT11TRUU_LAG_0__basis_2,-0.03766849622213604
3,LT11TRUU_LAG_0,LT11TRUU_LAG_0__basis_3,-0.08337020740579426
3,LT11TRUU_LAG_0,LT11TRUU_LAG_0__basis_4,-0.07759739231654122
3,LT11TRUU_LAG_0,LT11TRUU_LAG_0__basis_5,0.025470888779864736
3,LT11TRUU_LAG_0,LT11TRUU_LAG_0__basis_6,0.1185499105414405
3,LBUTTRUU_LAG_0,LBUTTRUU_LAG_0__basis_0,0.03424723489135779
3,LBUTTRUU_LAG_0,LBUTTRUU_LAG_0__basis_1,0.02470345078332559
3,LBUTTRUU_LAG_0,LBUTTRUU_LAG_0__basis_2,0.012768407426807517
3,LBUTTRUU_LAG_0,LBUTTRUU_LAG_0__basis_3,-0.035327208588499144
3,LBUTTRUU_LAG_0,LBUTTRUU_LAG_0__basis_4,-0.05676120148691564
3,LBUTTRUU_LAG_0,LBUTTRUU_LAG_0__basis_5,-0.014443857879227476
3,LBUTTRUU_LAG_0,LBUTTRUU_LAG_0__basis_6,0.01469492466417849
3,DURATION_STATE_0,DURATION_STATE_0__basis_0,0.20606885892911875
3,DURATION_STATE_0,DURATION_STATE_0__basis_1,0.1344110745444423
3,DURATION_STATE_0,DURATION_STATE_0__basis_2,0.022375411302812044
3,DURATION_STATE_0,DURATION_STATE_0__basis_3,-0.0498330460936239
3,DURATION_STATE_0,DURATION_STATE_0__basis_4,-0.0818124040264461
3,DURATION_STATE_0,DURATION_STATE_0__basis_5,-0.10323377418376747
3,DURATION_STATE_0,DURATION_STATE_0__basis_6,-0.12528601745696563
3,DURATION_STATE_1,DURATION_STATE_1__basis_0,0.11716328686615281
3,DURATION_STATE_1,DURATION_STATE_1__basis_1,0.07407711854044315
3,DURATION_STATE_1,DURATION_STATE_1__basis_2,0.005940427598568289
3,DURATION_STATE_1,DURATION_STATE_1__basis_3,-0.029874068467479677
3,DURATION_STATE_1,DURATION_STATE_1__basis_4,-0.04254999941330778
3,DURATION_STATE_1,DURATION_STATE_1__basis_5,-0.055039886902760175
3,DURATION_STATE_1,DURATION_STATE_1__basis_6,-0.06724067544537979
3,DURATION_STATE_2,DURATION_STATE_2__basis_0,0.02752872910195918
3,DURATION_STATE_2,DURATION_STATE_2__basis_1,0.01540362213157199
3,DURATION_STATE_2,DURATION_STATE_2__basis_2,0.000700082956702543
3,DURATION_STATE_2,DURATION_STATE_2__basis_3,-0.00012530163715535785
3,DURATION_STATE_2,DURATION_STATE_2__basis_4,-0.007941571883089391
3,DURATION_STATE_2,DURATION_STATE_2__basis_5,-0.012609461497763885
3,DURATION_STATE_2,DURATION_STATE_2__basis_6,-0.018430497655179214
3,DURATION_STATE_3,DURATION_STATE_3__basis_0,-0.3563240116258925
3,DURATION_STATE_3,DURATION_STATE_3__basis_1,-0.22550031734639367
3,DURATION_STATE_3,DURATION_STATE_3__basis_2,-0.01666164086628319
3,DURATION_STATE_3,DURATION_STATE_3__basis_3,0.09006795905566956
3,DURATION_STATE_3,DURATION_STATE_3__basis_4,0.1354089490689197
3,DURATION_STATE_3,DURATION_STATE_3__basis_5,0.17460645333756458
3,DURATION_STATE_3,DURATION_STATE_3__basis_6,0.2090953244263228
