N_STATES,TERM,P_VALUE,ROW_TYPE,LOG_ODDS_CONTRAST,BIN_INDEX,BIN_LOWER,BIN_MEDIAN,BIN_UPPER,OBSERVATION_COUNT,NUMERATOR_COUNT,DENOMINATOR_COUNT,OBSERVED_LOG_ODDS,CI_LOWER,CI_UPPER,NEXT_STATE_0_COUNT,NEXT_STATE_1_COUNT,NEXT_STATE_2_COUNT,NEXT_STATE_3_COUNT,PREDICTOR_VALUE,FITTED_LOG_ODDS
4,DURATION_STATE_0,0.02,OBSERVED_BIN,0 vs 1,0.0,1.0,2.0,3.0,144.0,140.0,0.0,5.638354669333745,4.013405637315031,12.562422431623302,140.0,0.0,4.0,0.0,,
4,DURATION_STATE_0,0.02,OBSERVED_BIN,0 vs 1,1.0,4.0,5.0,7.0,150.0,136.0,0.0,5.60947179518496,3.9842070808113297,12.533487364050204,136.0,0.0,14.0,0.0,,
4,DURATION_STATE_0,0.02,OBSERVED_BIN,0 vs 1,2.0,8.0,9.0,11.0,113.0,107.0,0.0,5.3706380281276624,3.7423797678692385,12.294159034806698,107.0,0.0,6.0,0.0,,
4,DURATION_STATE_0,0.02,OBSERVED_BIN,0 vs 1,3.0,12.0,15.0,18.0,132.0,122.0,0.0,5.501258210544727,3.8747257963377346,12.425064260258097,122.0,0.0,10.0,0.0,,
4,DURATION_STATE_0,0.02,OBSERVED_BIN,0 vs 1,4.0,19.0,24.0,29.0,125.0,121.0,0.0,5.493061443340548,3.8664272681605247,12.416850679802947,121.0,0.0,4.0,0.0,,
4,DURATION_STATE_0,0.02,OBSERVED_BIN,0 vs 1,5.0,30.0,37.0,45.0,131.0,128.0,0.0,5.54907608489522,3.923120886204914,12.47297751875895,128.0,0.0,3.0,0.0,,
4,DURATION_STATE_0,0.02,OBSERVED_BIN,0 vs 1,6.0,46.0,55.0,64.0,133.0,133.0,0.0,5.58724865840025,3.961734735465354,12.511223029642222,133.0,0.0,0.0,0.0,,
4,DURATION_STATE_0,0.02,OBSERVED_BIN,0 vs 1,7.0,65.0,75.0,85.0,130.0,128.0,0.0,5.54907608489522,3.923120886204914,12.47297751875895,128.0,0.0,2.0,0.0,,
4,DURATION_STATE_0,0.02,OBSERVED_BIN,0 vs 1,8.0,86.0,98.5,111.0,130.0,130.0,0.0,5.564520407322694,3.9387457874477927,12.48845168683695,130.0,0.0,0.0,0.0,,
4,DURATION_STATE_0,0.02,OBSERVED_BIN,0 vs 1,9.0,112.0,130.5,187.0,130.0,125.0,0.0,5.5254529391317835,3.899216050774294,12.449307820967057,125.0,0.0,5.0,0.0,,
4,DURATION_STATE_0,0.02,FITTED_CURVE,0 vs 1,,,,,,,,,,,,,,,1.0,2.886642997705274
4,DURATION_STATE_0,0.02,FITTED_CURVE,0 vs 1,,,,,,,,,,,,,,,3.3544303797468356,3.935872625553809
4,DURATION_STATE_0,0.02,FITTED_CURVE,0 vs 1,,,,,,,,,,,,,,,5.708860759493671,4.484112567728596
4,DURATION_STATE_0,0.02,FITTED_CURVE,0 vs 1,,,,,,,,,,,,,,,8.063291139240507,4.850892125198772
4,DURATION_STATE_0,0.02,FITTED_CURVE,0 vs 1,,,,,,,,,,,,,,,10.417721518987342,5.124564841840843
4,DURATION_STATE_0,0.02,FITTED_CURVE,0 vs 1,,,,,,,,,,,,,,,12.772151898734178,5.342113341566903
4,DURATION_STATE_0,0.02,FITTED_CURVE,0 vs 1,,,,,,,,,,,,,,,15.126582278481013,5.522278612522247
4,DURATION_STATE_0,0.02,FITTED_CURVE,0 vs 1,,,,,,,,,,,,,,,17.481012658227847,5.6758220441204985
4,DURATION_STATE_0,0.02,FITTED_CURVE,0 vs 1,,,,,,,,,,,,,,,19.835443037974684,5.809477875928699
4,DURATION_STATE_0,0.02,FITTED_CURVE,0 vs 1,,,,,,,,,,,,,,,22.18987341772152,5.927732263361885
4,DURATION_STATE_0,0.02,FITTED_CURVE,0 vs 1,,,,,,,,,,,,,,,24.544303797468356,6.03371852868602
4,DURATION_STATE_0,0.02,FITTED_CURVE,0 vs 1,,,,,,,,,,,,,,,26.89873417721519,6.129706299311313
4,DURATION_STATE_0,0.02,FITTED_CURVE,0 vs 1,,,,,,,,,,,,,,,29.253164556962027,6.217393107766951
4,DURATION_STATE_0,0.02,FITTED_CURVE,0 vs 1,,,,,,,,,,,,,,,31.607594936708864,6.29808155791922
4,DURATION_STATE_0,0.02,FITTED_CURVE,0 vs 1,,,,,,,,,,,,,,,33.962025316455694,6.372792460005837
4,DURATION_STATE_0,0.02,FITTED_CURVE,0 vs 1,,,,,,,,,,,,,,,36.31645569620253,6.442340271389528
4,DURATION_STATE_0,0.02,FITTED_CURVE,0 vs 1,,,,,,,,,,,,,,,38.67088607594937,6.507384945787413
4,DURATION_STATE_0,0.02,FITTED_CURVE,0 vs 1,,,,,,,,,,,,,,,41.025316455696206,6.568468506653176
4,DURATION_STATE_0,0.02,FITTED_CURVE,0 vs 1,,,,,,,,,,,,,,,43.37974683544304,6.626041434729146
4,DURATION_STATE_0,0.02,FITTED_CURVE,0 vs 1,,,,,,,,,,,,,,,45.734177215189874,6.680482087759633
4,DURATION_STATE_0,0.02,FITTED_CURVE,0 vs 1,,,,,,,,,,,,,,,48.08860759493671,6.732111245178693
4,DURATION_STATE_0,0.02,FITTED_CURVE,0 vs 1,,,,,,,,,,,,,,,50.44303797468355,6.7812031732063875
4,DURATION_STATE_0,0.02,FITTED_CURVE,0 vs 1,,,,,,,,,,,,,,,52.79746835443038,6.827994161657606
4,DURATION_STATE_0,0.02,FITTED_CURVE,0 vs 1,,,,,,,,,,,,,,,55.151898734177216,6.872689193994695
4,DURATION_STATE_0,0.02,FITTED_CURVE,0 vs 1,,,,,,,,,,,,,,,57.50632911392405,6.91546721894609
4,DURATION_STATE_0,0.02,FITTED_CURVE,0 vs 1,,,,,,,,,,,,,,,59.86075949367089,6.956485360642862
4,DURATION_STATE_0,0.02,FITTED_CURVE,0 vs 1,,,,,,,,,,,,,,,62.21518987341773,6.995882313302001
4,DURATION_STATE_0,0.02,FITTED_CURVE,0 vs 1,,,,,,,,,,,,,,,64.56962025316456,7.033781102530214
4,DURATION_STATE_0,0.02,FITTED_CURVE,0 vs 1,,,,,,,,,,,,,,,66.92405063291139,7.070274311785671
4,DURATION_STATE_0,0.02,FITTED_CURVE,0 vs 1,,,,,,,,,,,,,,,69.27848101265823,7.105338123326383
4,DURATION_STATE_0,0.02,FITTED_CURVE,0 vs 1,,,,,,,,,,,,,,,71.63291139240506,7.138920409092978
4,DURATION_STATE_0,0.02,FITTED_CURVE,0 vs 1,,,,,,,,,,,,,,,73.98734177215191,7.170987808043428
4,DURATION_STATE_0,0.02,FITTED_CURVE,0 vs 1,,,,,,,,,,,,,,,76.34177215189874,7.201521982772265
4,DURATION_STATE_0,0.02,FITTED_CURVE,0 vs 1,,,,,,,,,,,,,,,78.69620253164557,7.230516518234076
4,DURATION_STATE_0,0.02,FITTED_CURVE,0 vs 1,,,,,,,,,,,,,,,81.05063291139241,7.257974441682386
4,DURATION_STATE_0,0.02,FITTED_CURVE,0 vs 1,,,,,,,,,,,,,,,83.40506329113924,7.283906232411247
4,DURATION_STATE_0,0.02,FITTED_CURVE,0 vs 1,,,,,,,,,,,,,,,85.75949367088609,7.3083282197324175
4,DURATION_STATE_0,0.02,FITTED_CURVE,0 vs 1,,,,,,,,,,,,,,,88.11392405063292,7.331261290185454
4,DURATION_STATE_0,0.02,FITTED_CURVE,0 vs 1,,,,,,,,,,,,,,,90.46835443037975,7.352729842161623
4,DURATION_STATE_0,0.02,FITTED_CURVE,0 vs 1,,,,,,,,,,,,,,,92.82278481012659,7.37276093929814
4,DURATION_STATE_0,0.02,FITTED_CURVE,0 vs 1,,,,,,,,,,,,,,,95.17721518987342,7.391383624166442
4,DURATION_STATE_0,0.02,FITTED_CURVE,0 vs 1,,,,,,,,,,,,,,,97.53164556962025,7.40862836167145
4,DURATION_STATE_0,0.02,FITTED_CURVE,0 vs 1,,,,,,,,,,,,,,,99.8860759493671,7.424526587741392
4,DURATION_STATE_0,0.02,FITTED_CURVE,0 vs 1,,,,,,,,,,,,,,,102.24050632911393,7.4391103437251695
4,DURATION_STATE_0,0.02,FITTED_CURVE,0 vs 1,,,,,,,,,,,,,,,104.59493670886076,7.4524119807305444
4,DURATION_STATE_0,0.02,FITTED_CURVE,0 vs 1,,,,,,,,,,,,,,,106.9493670886076,7.46446392116149
4,DURATION_STATE_0,0.02,FITTED_CURVE,0 vs 1,,,,,,,,,,,,,,,109.30379746835443,7.475298467121928
4,DURATION_STATE_0,0.02,FITTED_CURVE,0 vs 1,,,,,,,,,,,,,,,111.65822784810128,7.484947647279286
4,DURATION_STATE_0,0.02,FITTED_CURVE,0 vs 1,,,,,,,,,,,,,,,114.0126582278481,7.493443095327784
4,DURATION_STATE_0,0.02,FITTED_CURVE,0 vs 1,,,,,,,,,,,,,,,116.36708860759494,7.50081595443785
4,DURATION_STATE_0,0.02,FITTED_CURVE,0 vs 1,,,,,,,,,,,,,,,118.72151898734178,7.507096803086161
4,DURATION_STATE_0,0.02,FITTED_CURVE,0 vs 1,,,,,,,,,,,,,,,121.07594936708861,7.512315598478981
4,DURATION_STATE_0,0.02,FITTED_CURVE,0 vs 1,,,,,,,,,,,,,,,123.43037974683546,7.516501634447685
4,DURATION_STATE_0,0.02,FITTED_CURVE,0 vs 1,,,,,,,,,,,,,,,125.78481012658229,7.519683511239299
4,DURATION_STATE_0,0.02,FITTED_CURVE,0 vs 1,,,,,,,,,,,,,,,128.13924050632912,7.521889115070489
4,DURATION_STATE_0,0.02,FITTED_CURVE,0 vs 1,,,,,,,,,,,,,,,130.49367088607596,7.523145605679258
4,DURATION_STATE_0,0.02,FITTED_CURVE,0 vs 1,,,,,,,,,,,,,,,132.84810126582278,7.523479410409762
4,DURATION_STATE_0,0.02,FITTED_CURVE,0 vs 1,,,,,,,,,,,,,,,135.20253164556962,7.52291622361425
4,DURATION_STATE_0,0.02,FITTED_CURVE,0 vs 1,,,,,,,,,,,,,,,137.55696202531647,7.52148101036162
4,DURATION_STATE_0,0.02,FITTED_CURVE,0 vs 1,,,,,,,,,,,,,,,139.9113924050633,7.519198013612377
4,DURATION_STATE_0,0.02,FITTED_CURVE,0 vs 1,,,,,,,,,,,,,,,142.26582278481013,7.516090764161217
4,DURATION_STATE_0,0.02,FITTED_CURVE,0 vs 1,,,,,,,,,,,,,,,144.62025316455697,7.51218209276604
4,DURATION_STATE_0,0.02,FITTED_CURVE,0 vs 1,,,,,,,,,,,,,,,146.97468354430382,7.50749414398017
4,DURATION_STATE_0,0.02,FITTED_CURVE,0 vs 1,,,,,,,,,,,,,,,149.32911392405063,7.502048391286224
4,DURATION_STATE_0,0.02,FITTED_CURVE,0 vs 1,,,,,,,,,,,,,,,151.68354430379748,7.495865653198388
4,DURATION_STATE_0,0.02,FITTED_CURVE,0 vs 1,,,,,,,,,,,,,,,154.03797468354432,7.488966110056931
4,DURATION_STATE_0,0.02,FITTED_CURVE,0 vs 1,,,,,,,,,,,,,,,156.39240506329114,7.481369321286468
4,DURATION_STATE_0,0.02,FITTED_CURVE,0 vs 1,,,,,,,,,,,,,,,158.74683544303798,7.47309424292959
4,DURATION_STATE_0,0.02,FITTED_CURVE,0 vs 1,,,,,,,,,,,,,,,161.10126582278482,7.464159245301019
4,DURATION_STATE_0,0.02,FITTED_CURVE,0 vs 1,,,,,,,,,,,,,,,163.45569620253164,7.4545821306354245
4,DURATION_STATE_0,0.02,FITTED_CURVE,0 vs 1,,,,,,,,,,,,,,,165.81012658227849,7.44438015062584
4,DURATION_STATE_0,0.02,FITTED_CURVE,0 vs 1,,,,,,,,,,,,,,,168.16455696202533,7.433570023769179
4,DURATION_STATE_0,0.02,FITTED_CURVE,0 vs 1,,,,,,,,,,,,,,,170.51898734177217,7.422167952452094
4,DURATION_STATE_0,0.02,FITTED_CURVE,0 vs 1,,,,,,,,,,,,,,,172.873417721519,7.410189639724192
4,DURATION_STATE_0,0.02,FITTED_CURVE,0 vs 1,,,,,,,,,,,,,,,175.22784810126583,7.397650305717344
4,DURATION_STATE_0,0.02,FITTED_CURVE,0 vs 1,,,,,,,,,,,,,,,177.58227848101268,7.38456470367954
4,DURATION_STATE_0,0.02,FITTED_CURVE,0 vs 1,,,,,,,,,,,,,,,179.9367088607595,7.370947135599771
4,DURATION_STATE_0,0.02,FITTED_CURVE,0 vs 1,,,,,,,,,,,,,,,182.29113924050634,7.356811467407339
4,DURATION_STATE_0,0.02,FITTED_CURVE,0 vs 1,,,,,,,,,,,,,,,184.64556962025318,7.3421711437345145
4,DURATION_STATE_0,0.02,FITTED_CURVE,0 vs 1,,,,,,,,,,,,,,,187.0,7.327039202236161
4,DURATION_STATE_0,0.02,OBSERVED_BIN,0 vs 2,0.0,1.0,2.0,3.0,144.0,140.0,4.0,3.4411300919975263,2.6713666266164973,4.652538019013237,140.0,0.0,4.0,0.0,,
4,DURATION_STATE_0,0.02,OBSERVED_BIN,0 vs 2,1.0,4.0,5.0,7.0,150.0,136.0,14.0,2.2421759651984856,1.7531580512418008,2.853412420676525,136.0,0.0,14.0,0.0,,
4,DURATION_STATE_0,0.02,OBSERVED_BIN,0 vs 2,2.0,8.0,9.0,11.0,113.0,107.0,6.0,2.805688670666126,2.130643757433079,3.7731411774746917,107.0,0.0,6.0,0.0,,
4,DURATION_STATE_0,0.02,OBSERVED_BIN,0 vs 2,3.0,12.0,15.0,18.0,132.0,122.0,10.0,2.456735772821304,1.8990842578878684,3.18813322771856,122.0,0.0,10.0,0.0,,
4,DURATION_STATE_0,0.02,OBSERVED_BIN,0 vs 2,4.0,19.0,24.0,29.0,125.0,121.0,4.0,3.295836866004329,2.5227417936251886,4.508417376813501,121.0,0.0,4.0,0.0,,
4,DURATION_STATE_0,0.02,OBSERVED_BIN,0 vs 2,5.0,30.0,37.0,45.0,131.0,128.0,3.0,3.6031659358399066,2.754278973244546,5.0308146265779605,128.0,0.0,3.0,0.0,,
4,DURATION_STATE_0,0.02,OBSERVED_BIN,0 vs 2,6.0,46.0,55.0,64.0,133.0,133.0,0.0,5.58724865840025,3.961734735465354,12.511223029642222,133.0,0.0,0.0,0.0,,
4,DURATION_STATE_0,0.02,OBSERVED_BIN,0 vs 2,7.0,65.0,75.0,85.0,130.0,128.0,2.0,3.9396381724611196,2.9779527285061937,5.738143697899652,128.0,0.0,2.0,0.0,,
4,DURATION_STATE_0,0.02,OBSERVED_BIN,0 vs 2,8.0,86.0,98.5,111.0,130.0,130.0,0.0,5.564520407322694,3.9387457874477927,12.48845168683695,130.0,0.0,0.0,0.0,,
4,DURATION_STATE_0,0.02,OBSERVED_BIN,0 vs 2,9.0,112.0,130.5,187.0,130.0,125.0,5.0,3.1275576663334133,2.4124082896379373,4.196511784540964,125.0,0.0,5.0,0.0,,
4,DURATION_STATE_0,0.02,FITTED_CURVE,0 vs 2,,,,,,,,,,,,,,,1.0,1.3573286227345336
4,DURATION_STATE_0,0.02,FITTED_CURVE,0 vs 2,,,,,,,,,,,,,,,3.3544303797468356,2.101726567578407
4,DURATION_STATE_0,0.02,FITTED_CURVE,0 vs 2,,,,,,,,,,,,,,,5.708860759493671,2.475295304020959
4,DURATION_STATE_0,0.02,FITTED_CURVE,0 vs 2,,,,,,,,,,,,,,,8.063291139240507,2.720098147578868
4,DURATION_STATE_0,0.02,FITTED_CURVE,0 vs 2,,,,,,,,,,,,,,,10.417721518987342,2.900419297583098
4,DURATION_STATE_0,0.02,FITTED_CURVE,0 vs 2,,,,,,,,,,,,,,,12.772151898734178,3.0424681447014685
4,DURATION_STATE_0,0.02,FITTED_CURVE,0 vs 2,,,,,,,,,,,,,,,15.126582278481013,3.1593253056324926
4,DURATION_STATE_0,0.02,FITTED_CURVE,0 vs 2,,,,,,,,,,,,,,,17.481012658227847,3.258414008025362
4,DURATION_STATE_0,0.02,FITTED_CURVE,0 vs 2,,,,,,,,,,,,,,,19.835443037974684,3.3443343918893618
4,DURATION_STATE_0,0.02,FITTED_CURVE,0 vs 2,,,,,,,,,,,,,,,22.18987341772152,3.4201255690547794
4,DURATION_STATE_0,0.02,FITTED_CURVE,0 vs 2,,,,,,,,,,,,,,,24.544303797468356,3.4878909976432246
4,DURATION_STATE_0,0.02,FITTED_CURVE,0 vs 2,,,,,,,,,,,,,,,26.89873417721519,3.5491325131376894
4,DURATION_STATE_0,0.02,FITTED_CURVE,0 vs 2,,,,,,,,,,,,,,,29.253164556962027,3.60496779423825
4,DURATION_STATE_0,0.02,FITTED_CURVE,0 vs 2,,,,,,,,,,,,,,,31.607594936708864,3.6562530782123157
4,DURATION_STATE_0,0.02,FITTED_CURVE,0 vs 2,,,,,,,,,,,,,,,33.962025316455694,3.7036583357198785
4,DURATION_STATE_0,0.02,FITTED_CURVE,0 vs 2,,,,,,,,,,,,,,,36.31645569620253,3.7477173294902486
4,DURATION_STATE_0,0.02,FITTED_CURVE,0 vs 2,,,,,,,,,,,,,,,38.67088607594937,3.788861974014602
4,DURATION_STATE_0,0.02,FITTED_CURVE,0 vs 2,,,,,,,,,,,,,,,41.025316455696206,3.827446542315242
4,DURATION_STATE_0,0.02,FITTED_CURVE,0 vs 2,,,,,,,,,,,,,,,43.37974683544304,3.8637651106278974
4,DURATION_STATE_0,0.02,FITTED_CURVE,0 vs 2,,,,,,,,,,,,,,,45.734177215189874,3.89806438240324
4,DURATION_STATE_0,0.02,FITTED_CURVE,0 vs 2,,,,,,,,,,,,,,,48.08860759493671,3.930553282842749
4,DURATION_STATE_0,0.02,FITTED_CURVE,0 vs 2,,,,,,,,,,,,,,,50.44303797468355,3.961410250677939
4,DURATION_STATE_0,0.02,FITTED_CURVE,0 vs 2,,,,,,,,,,,,,,,52.79746835443038,3.9907888583570426
4,DURATION_STATE_0,0.02,FITTED_CURVE,0 vs 2,,,,,,,,,,,,,,,55.151898734177216,4.018822199148529
4,DURATION_STATE_0,0.02,FITTED_CURVE,0 vs 2,,,,,,,,,,,,,,,57.50632911392405,4.045626351327514
4,DURATION_STATE_0,0.02,FITTED_CURVE,0 vs 2,,,,,,,,,,,,,,,59.86075949367089,4.07130314241817
4,DURATION_STATE_0,0.02,FITTED_CURVE,0 vs 2,,,,,,,,,,,,,,,62.21518987341773,4.095942376166251
4,DURATION_STATE_0,0.02,FITTED_CURVE,0 vs 2,,,,,,,,,,,,,,,64.56962025316456,4.119623642534597
4,DURATION_STATE_0,0.02,FITTED_CURVE,0 vs 2,,,,,,,,,,,,,,,66.92405063291139,4.142406642916477
4,DURATION_STATE_0,0.02,FITTED_CURVE,0 vs 2,,,,,,,,,,,,,,,69.27848101265823,4.164274896002156
4,DURATION_STATE_0,0.02,FITTED_CURVE,0 vs 2,,,,,,,,,,,,,,,71.63291139240506,4.185193425851182
4,DURATION_STATE_0,0.02,FITTED_CURVE,0 vs 2,,,,,,,,,,,,,,,73.98734177215191,4.205139590390832
4,DURATION_STATE_0,0.02,FITTED_CURVE,0 vs 2,,,,,,,,,,,,,,,76.34177215189874,4.224100627930663
4,DURATION_STATE_0,0.02,FITTED_CURVE,0 vs 2,,,,,,,,,,,,,,,78.69620253164557,4.242071624075677
4,DURATION_STATE_0,0.02,FITTED_CURVE,0 vs 2,,,,,,,,,,,,,,,81.05063291139241,4.259053885435663
4,DURATION_STATE_0,0.02,FITTED_CURVE,0 vs 2,,,,,,,,,,,,,,,83.40506329113924,4.275053634122569
4,DURATION_STATE_0,0.02,FITTED_CURVE,0 vs 2,,,,,,,,,,,,,,,85.75949367088609,4.290080956555392
4,DURATION_STATE_0,0.02,FITTED_CURVE,0 vs 2,,,,,,,,,,,,,,,88.11392405063292,4.304148954856678
4,DURATION_STATE_0,0.02,FITTED_CURVE,0 vs 2,,,,,,,,,,,,,,,90.46835443037975,4.317273060369169
4,DURATION_STATE_0,0.02,FITTED_CURVE,0 vs 2,,,,,,,,,,,,,,,92.82278481012659,4.3294704774434765
4,DURATION_STATE_0,0.02,FITTED_CURVE,0 vs 2,,,,,,,,,,,,,,,95.17721518987342,4.340759732301773
4,DURATION_STATE_0,0.02,FITTED_CURVE,0 vs 2,,,,,,,,,,,,,,,97.53164556962025,4.351160306948681
4,DURATION_STATE_0,0.02,FITTED_CURVE,0 vs 2,,,,,,,,,,,,,,,99.8860759493671,4.36069234213444
4,DURATION_STATE_0,0.02,FITTED_CURVE,0 vs 2,,,,,,,,,,,,,,,102.24050632911393,4.369376396542077
4,DURATION_STATE_0,0.02,FITTED_CURVE,0 vs 2,,,,,,,,,,,,,,,104.59493670886076,4.377233251868751
4,DURATION_STATE_0,0.02,FITTED_CURVE,0 vs 2,,,,,,,,,,,,,,,106.9493670886076,4.384283755452104
4,DURATION_STATE_0,0.02,FITTED_CURVE,0 vs 2,,,,,,,,,,,,,,,109.30379746835443,4.390548693669782
4,DURATION_STATE_0,0.02,FITTED_CURVE,0 vs 2,,,,,,,,,,,,,,,111.65822784810128,4.396048690601698
4,DURATION_STATE_0,0.02,FITTED_CURVE,0 vs 2,,,,,,,,,,,,,,,114.0126582278481,4.400804127457504
4,DURATION_STATE_0,0.02,FITTED_CURVE,0 vs 2,,,,,,,,,,,,,,,116.36708860759494,4.404835079088174
4,DURATION_STATE_0,0.02,FITTED_CURVE,0 vs 2,,,,,,,,,,,,,,,118.72151898734178,4.408161264561023
4,DURATION_STATE_0,0.02,FITTED_CURVE,0 vs 2,,,,,,,,,,,,,,,121.07594936708861,4.410802009313546
4,DURATION_STATE_0,0.02,FITTED_CURVE,0 vs 2,,,,,,,,,,,,,,,123.43037974683546,4.412776216838011
4,DURATION_STATE_0,0.02,FITTED_CURVE,0 vs 2,,,,,,,,,,,,,,,125.78481012658229,4.414102348205197
4,DURATION_STATE_0,0.02,FITTED_CURVE,0 vs 2,,,,,,,,,,,,,,,128.13924050632912,4.4147984080277975
4,DURATION_STATE_0,0.02,FITTED_CURVE,0 vs 2,,,,,,,,,,,,,,,130.49367088607596,4.41488193570377
4,DURATION_STATE_0,0.02,FITTED_CURVE,0 vs 2,,,,,,,,,,,,,,,132.84810126582278,4.4143700009774385
4,DURATION_STATE_0,0.02,FITTED_CURVE,0 vs 2,,,,,,,,,,,,,,,135.20253164556962,4.413279203019124
4,DURATION_STATE_0,0.02,FITTED_CURVE,0 vs 2,,,,,,,,,,,,,,,137.55696202531647,4.41162567235892
4,DURATION_STATE_0,0.02,FITTED_CURVE,0 vs 2,,,,,,,,,,,,,,,139.9113924050633,4.4094250751218755
4,DURATION_STATE_0,0.02,FITTED_CURVE,0 vs 2,,,,,,,,,,,,,,,142.26582278481013,4.406692619104784
4,DURATION_STATE_0,0.02,FITTED_CURVE,0 vs 2,,,,,,,,,,,,,,,144.62025316455697,4.4034430613118065
4,DURATION_STATE_0,0.02,FITTED_CURVE,0 vs 2,,,,,,,,,,,,,,,146.97468354430382,4.399690716630581
4,DURATION_STATE_0,0.02,FITTED_CURVE,0 vs 2,,,,,,,,,,,,,,,149.32911392405063,4.3954494673840845
4,DURATION_STATE_0,0.02,FITTED_CURVE,0 vs 2,,,,,,,,,,,,,,,151.68354430379748,4.3907327735383435
4,DURATION_STATE_0,0.02,FITTED_CURVE,0 vs 2,,,,,,,,,,,,,,,154.03797468354432,4.385553683383639
4,DURATION_STATE_0,0.02,FITTED_CURVE,0 vs 2,,,,,,,,,,,,,,,156.39240506329114,4.379924844538172
4,DURATION_STATE_0,0.02,FITTED_CURVE,0 vs 2,,,,,,,,,,,,,,,158.74683544303798,4.373858515149551
4,DURATION_STATE_0,0.02,FITTED_CURVE,0 vs 2,,,,,,,,,,,,,,,161.10126582278482,4.367366575191466
4,DURATION_STATE_0,0.02,FITTED_CURVE,0 vs 2,,,,,,,,,,,,,,,163.45569620253164,4.36046053777142
4,DURATION_STATE_0,0.02,FITTED_CURVE,0 vs 2,,,,,,,,,,,,,,,165.81012658227849,4.35315156038097
4,DURATION_STATE_0,0.02,FITTED_CURVE,0 vs 2,,,,,,,,,,,,,,,168.16455696202533,4.345450456032854
4,DURATION_STATE_0,0.02,FITTED_CURVE,0 vs 2,,,,,,,,,,,,,,,170.51898734177217,4.337367704240455
4,DURATION_STATE_0,0.02,FITTED_CURVE,0 vs 2,,,,,,,,,,,,,,,172.873417721519,4.328913461804054
4,DURATION_STATE_0,0.02,FITTED_CURVE,0 vs 2,,,,,,,,,,,,,,,175.22784810126583,4.320097573376112
4,DURATION_STATE_0,0.02,FITTED_CURVE,0 vs 2,,,,,,,,,,,,,,,177.58227848101268,4.3109295817842535
4,DURATION_STATE_0,0.02,FITTED_CURVE,0 vs 2,,,,,,,,,,,,,,,179.9367088607595,4.301418738095872
4,DURATION_STATE_0,0.02,FITTED_CURVE,0 vs 2,,,,,,,,,,,,,,,182.29113924050634,4.291574011412922
4,DURATION_STATE_0,0.02,FITTED_CURVE,0 vs 2,,,,,,,,,,,,,,,184.64556962025318,4.281404098389068
4,DURATION_STATE_0,0.02,FITTED_CURVE,0 vs 2,,,,,,,,,,,,,,,187.0,4.270917432464514
4,DURATION_STATE_0,0.02,OBSERVED_BIN,0 vs 3,0.0,1.0,2.0,3.0,144.0,140.0,0.0,5.638354669333745,4.013405637315031,12.562422431623302,140.0,0.0,4.0,0.0,,
4,DURATION_STATE_0,0.02,OBSERVED_BIN,0 vs 3,1.0,4.0,5.0,7.0,150.0,136.0,0.0,5.60947179518496,3.9842070808113297,12.533487364050204,136.0,0.0,14.0,0.0,,
4,DURATION_STATE_0,0.02,OBSERVED_BIN,0 vs 3,2.0,8.0,9.0,11.0,113.0,107.0,0.0,5.3706380281276624,3.7423797678692385,12.294159034806698,107.0,0.0,6.0,0.0,,
4,DURATION_STATE_0,0.02,OBSERVED_BIN,0 vs 3,3.0,12.0,15.0,18.0,132.0,122.0,0.0,5.501258210544727,3.8747257963377346,12.425064260258097,122.0,0.0,10.0,0.0,,
4,DURATION_STATE_0,0.02,OBSERVED_BIN,0 vs 3,4.0,19.0,24.0,29.0,125.0,121.0,0.0,5.493061443340548,3.8664272681605247,12.416850679802947,121.0,0.0,4.0,0.0,,
4,DURATION_STATE_0,0.02,OBSERVED_BIN,0 vs 3,5.0,30.0,37.0,45.0,131.0,128.0,0.0,5.54907608489522,3.923120886204914,12.47297751875895,128.0,0.0,3.0,0.0,,
4,DURATION_STATE_0,0.02,OBSERVED_BIN,0 vs 3,6.0,46.0,55.0,64.0,133.0,133.0,0.0,5.58724865840025,3.961734735465354,12.511223029642222,133.0,0.0,0.0,0.0,,
4,DURATION_STATE_0,0.02,OBSERVED_BIN,0 vs 3,7.0,65.0,75.0,85.0,130.0,128.0,0.0,5.54907608489522,3.923120886204914,12.47297751875895,128.0,0.0,2.0,0.0,,
4,DURATION_STATE_0,0.02,OBSERVED_BIN,0 vs 3,8.0,86.0,98.5,111.0,130.0,130.0,0.0,5.564520407322694,3.9387457874477927,12.48845168683695,130.0,0.0,0.0,0.0,,
4,DURATION_STATE_0,0.02,OBSERVED_BIN,0 vs 3,9.0,112.0,130.5,187.0,130.0,125.0,0.0,5.5254529391317835,3.899216050774294,12.449307820967057,125.0,0.0,5.0,0.0,,
4,DURATION_STATE_0,0.02,FITTED_CURVE,0 vs 3,,,,,,,,,,,,,,,1.0,3.4873502528802054
4,DURATION_STATE_0,0.02,FITTED_CURVE,0 vs 3,,,,,,,,,,,,,,,3.3544303797468356,4.4218777604267405
4,DURATION_STATE_0,0.02,FITTED_CURVE,0 vs 3,,,,,,,,,,,,,,,5.708860759493671,4.909501627576813
4,DURATION_STATE_0,0.02,FITTED_CURVE,0 vs 3,,,,,,,,,,,,,,,8.063291139240507,5.235549581732733
4,DURATION_STATE_0,0.02,FITTED_CURVE,0 vs 3,,,,,,,,,,,,,,,10.417721518987342,5.478765851743872
4,DURATION_STATE_0,0.02,FITTED_CURVE,0 vs 3,,,,,,,,,,,,,,,12.772151898734178,5.672070973984911
4,DURATION_STATE_0,0.02,FITTED_CURVE,0 vs 3,,,,,,,,,,,,,,,15.126582278481013,5.83214036134315
4,DURATION_STATE_0,0.02,FITTED_CURVE,0 vs 3,,,,,,,,,,,,,,,17.481012658227847,5.968546559797129
4,DURATION_STATE_0,0.02,FITTED_CURVE,0 vs 3,,,,,,,,,,,,,,,19.835443037974684,6.087278458839775
4,DURATION_STATE_0,0.02,FITTED_CURVE,0 vs 3,,,,,,,,,,,,,,,22.18987341772152,6.192324907059906
4,DURATION_STATE_0,0.02,FITTED_CURVE,0 vs 3,,,,,,,,,,,,,,,24.544303797468356,6.286471164018384
4,DURATION_STATE_0,0.02,FITTED_CURVE,0 vs 3,,,,,,,,,,,,,,,26.89873417721519,6.371733643731428
4,DURATION_STATE_0,0.02,FITTED_CURVE,0 vs 3,,,,,,,,,,,,,,,29.253164556962027,6.4496203544963295
4,DURATION_STATE_0,0.02,FITTED_CURVE,0 vs 3,,,,,,,,,,,,,,,31.607594936708864,6.521288535398979
4,DURATION_STATE_0,0.02,FITTED_CURVE,0 vs 3,,,,,,,,,,,,,,,33.962025316455694,6.587645124065261
4,DURATION_STATE_0,0.02,FITTED_CURVE,0 vs 3,,,,,,,,,,,,,,,36.31645569620253,6.649413755492508
4,DURATION_STATE_0,0.02,FITTED_CURVE,0 vs 3,,,,,,,,,,,,,,,38.67088607594937,6.707180812276831
4,DURATION_STATE_0,0.02,FITTED_CURVE,0 vs 3,,,,,,,,,,,,,,,41.025316455696206,6.7614279093980425
4,DURATION_STATE_0,0.02,FITTED_CURVE,0 vs 3,,,,,,,,,,,,,,,43.37974683544304,6.812555333102974
4,DURATION_STATE_0,0.02,FITTED_CURVE,0 vs 3,,,,,,,,,,,,,,,45.734177215189874,6.860899291395796
4,DURATION_STATE_0,0.02,FITTED_CURVE,0 vs 3,,,,,,,,,,,,,,,48.08860759493671,6.906744834617368
4,DURATION_STATE_0,0.02,FITTED_CURVE,0 vs 3,,,,,,,,,,,,,,,50.44303797468355,6.950335685367876
4,DURATION_STATE_0,0.02,FITTED_CURVE,0 vs 3,,,,,,,,,,,,,,,52.79746835443038,6.991881822646608
4,DURATION_STATE_0,0.02,FITTED_CURVE,0 vs 3,,,,,,,,,,,,,,,55.151898734177216,7.031565407755913
4,DURATION_STATE_0,0.02,FITTED_CURVE,0 vs 3,,,,,,,,,,,,,,,57.50632911392405,7.069545467933033
4,DURATION_STATE_0,0.02,FITTED_CURVE,0 vs 3,,,,,,,,,,,,,,,59.86075949367089,7.105961637002198
4,DURATION_STATE_0,0.02,FITTED_CURVE,0 vs 3,,,,,,,,,,,,,,,62.21518987341773,7.140937171586376
4,DURATION_STATE_0,0.02,FITTED_CURVE,0 vs 3,,,,,,,,,,,,,,,64.56962025316456,7.174581404614427
4,DURATION_STATE_0,0.02,FITTED_CURVE,0 vs 3,,,,,,,,,,,,,,,66.92405063291139,7.206976614003856
4,DURATION_STATE_0,0.02,FITTED_CURVE,0 vs 3,,,,,,,,,,,,,,,69.27848101265823,7.238101621645041
4,DURATION_STATE_0,0.02,FITTED_CURVE,0 vs 3,,,,,,,,,,,,,,,71.63291139240506,7.267910088426955
4,DURATION_STATE_0,0.02,FITTED_CURVE,0 vs 3,,,,,,,,,,,,,,,73.98734177215191,7.29637235641155
4,DURATION_STATE_0,0.02,FITTED_CURVE,0 vs 3,,,,,,,,,,,,,,,76.34177215189874,7.323472121508017
4,DURATION_STATE_0,0.02,FITTED_CURVE,0 vs 3,,,,,,,,,,,,,,,78.69620253164557,7.349203676894271
4,DURATION_STATE_0,0.02,FITTED_CURVE,0 vs 3,,,,,,,,,,,,,,,81.05063291139241,7.373569708609517
4,DURATION_STATE_0,0.02,FITTED_CURVE,0 vs 3,,,,,,,,,,,,,,,83.40506329113924,7.396579526510425
4,DURATION_STATE_0,0.02,FITTED_CURVE,0 vs 3,,,,,,,,,,,,,,,85.75949367088609,7.418247640312134
4,DURATION_STATE_0,0.02,FITTED_CURVE,0 vs 3,,,,,,,,,,,,,,,88.11392405063292,7.438592610491913
4,DURATION_STATE_0,0.02,FITTED_CURVE,0 vs 3,,,,,,,,,,,,,,,90.46835443037975,7.457636119107159
4,DURATION_STATE_0,0.02,FITTED_CURVE,0 vs 3,,,,,,,,,,,,,,,92.82278481012659,7.475402217290666
4,DURATION_STATE_0,0.02,FITTED_CURVE,0 vs 3,,,,,,,,,,,,,,,95.17721518987342,7.491916715223358
4,DURATION_STATE_0,0.02,FITTED_CURVE,0 vs 3,,,,,,,,,,,,,,,97.53164556962025,7.507206687400547
4,DURATION_STATE_0,0.02,FITTED_CURVE,0 vs 3,,,,,,,,,,,,,,,99.8860759493671,7.521300071485629
4,DURATION_STATE_0,0.02,FITTED_CURVE,0 vs 3,,,,,,,,,,,,,,,102.24050632911393,7.53422534334474
4,DURATION_STATE_0,0.02,FITTED_CURVE,0 vs 3,,,,,,,,,,,,,,,104.59493670886076,7.546011254248128
4,DURATION_STATE_0,0.02,FITTED_CURVE,0 vs 3,,,,,,,,,,,,,,,106.9493670886076,7.5566866189128
4,DURATION_STATE_0,0.02,FITTED_CURVE,0 vs 3,,,,,,,,,,,,,,,109.30379746835443,7.5662801452021755
4,DURATION_STATE_0,0.02,FITTED_CURVE,0 vs 3,,,,,,,,,,,,,,,111.65822784810128,7.5748202980105575
4,DURATION_STATE_0,0.02,FITTED_CURVE,0 vs 3,,,,,,,,,,,,,,,114.0126582278481,7.582335191234848
4,DURATION_STATE_0,0.02,FITTED_CURVE,0 vs 3,,,,,,,,,,,,,,,116.36708860759494,7.588852502843893
4,DURATION_STATE_0,0.02,FITTED_CURVE,0 vs 3,,,,,,,,,,,,,,,118.72151898734178,7.594399408951839
4,DURATION_STATE_0,0.02,FITTED_CURVE,0 vs 3,,,,,,,,,,,,,,,121.07594936708861,7.599002533529182
4,DURATION_STATE_0,0.02,FITTED_CURVE,0 vs 3,,,,,,,,,,,,,,,123.43037974683546,7.602687910977304
4,DURATION_STATE_0,0.02,FITTED_CURVE,0 vs 3,,,,,,,,,,,,,,,125.78481012658229,7.60548095927581
4,DURATION_STATE_0,0.02,FITTED_CURVE,0 vs 3,,,,,,,,,,,,,,,128.13924050632912,7.607406461808015
4,DURATION_STATE_0,0.02,FITTED_CURVE,0 vs 3,,,,,,,,,,,,,,,130.49367088607596,7.608488556295146
4,DURATION_STATE_0,0.02,FITTED_CURVE,0 vs 3,,,,,,,,,,,,,,,132.84810126582278,7.608750729537431
4,DURATION_STATE_0,0.02,FITTED_CURVE,0 vs 3,,,,,,,,,,,,,,,135.20253164556962,7.608215816881299
4,DURATION_STATE_0,0.02,FITTED_CURVE,0 vs 3,,,,,,,,,,,,,,,137.55696202531647,7.606906005514462
4,DURATION_STATE_0,0.02,FITTED_CURVE,0 vs 3,,,,,,,,,,,,,,,139.9113924050633,7.604842840842079
4,DURATION_STATE_0,0.02,FITTED_CURVE,0 vs 3,,,,,,,,,,,,,,,142.26582278481013,7.602047235322932
4,DURATION_STATE_0,0.02,FITTED_CURVE,0 vs 3,,,,,,,,,,,,,,,144.62025316455697,7.598539479248976
4,DURATION_STATE_0,0.02,FITTED_CURVE,0 vs 3,,,,,,,,,,,,,,,146.97468354430382,7.594339253038793
4,DURATION_STATE_0,0.02,FITTED_CURVE,0 vs 3,,,,,,,,,,,,,,,149.32911392405063,7.589465640688
4,DURATION_STATE_0,0.02,FITTED_CURVE,0 vs 3,,,,,,,,,,,,,,,151.68354430379748,7.583937144080463
4,DURATION_STATE_0,0.02,FITTED_CURVE,0 vs 3,,,,,,,,,,,,,,,154.03797468354432,7.577771697914775
4,DURATION_STATE_0,0.02,FITTED_CURVE,0 vs 3,,,,,,,,,,,,,,,156.39240506329114,7.570986685042977
4,DURATION_STATE_0,0.02,FITTED_CURVE,0 vs 3,,,,,,,,,,,,,,,158.74683544303798,7.5635989520540505
4,DURATION_STATE_0,0.02,FITTED_CURVE,0 vs 3,,,,,,,,,,,,,,,161.10126582278482,7.555624824964542
4,DURATION_STATE_0,0.02,FITTED_CURVE,0 vs 3,,,,,,,,,,,,,,,163.45569620253164,7.547080124903582
4,DURATION_STATE_0,0.02,FITTED_CURVE,0 vs 3,,,,,,,,,,,,,,,165.81012658227849,7.537980183700691
4,DURATION_STATE_0,0.02,FITTED_CURVE,0 vs 3,,,,,,,,,,,,,,,168.16455696202533,7.528339859302137
4,DURATION_STATE_0,0.02,FITTED_CURVE,0 vs 3,,,,,,,,,,,,,,,170.51898734177217,7.518173550956505
4,DURATION_STATE_0,0.02,FITTED_CURVE,0 vs 3,,,,,,,,,,,,,,,172.873417721519,7.5074952141224465
4,DURATION_STATE_0,0.02,FITTED_CURVE,0 vs 3,,,,,,,,,,,,,,,175.22784810126583,7.49631837506183
4,DURATION_STATE_0,0.02,FITTED_CURVE,0 vs 3,,,,,,,,,,,,,,,177.58227848101268,7.484656145090329
4,DURATION_STATE_0,0.02,FITTED_CURVE,0 vs 3,,,,,,,,,,,,,,,179.9367088607595,7.472521234464526
4,DURATION_STATE_0,0.02,FITTED_CURVE,0 vs 3,,,,,,,,,,,,,,,182.29113924050634,7.459925965890756
4,DURATION_STATE_0,0.02,FITTED_CURVE,0 vs 3,,,,,,,,,,,,,,,184.64556962025318,7.446882287645869
4,DURATION_STATE_0,0.02,FITTED_CURVE,0 vs 3,,,,,,,,,,,,,,,187.0,7.433401786304223
4,DURATION_STATE_1,0.02,OBSERVED_BIN,1 vs 0,0.0,1.0,3.0,5.0,30.0,28.0,0.0,4.04305126783455,2.3753576947061186,10.96011997808865,0.0,28.0,1.0,1.0,,
4,DURATION_STATE_1,0.02,OBSERVED_BIN,1 vs 0,1.0,6.0,9.0,13.0,26.0,24.0,0.0,3.8918202981106265,2.2152698866591414,10.807455685932428,0.0,24.0,1.0,1.0,,
4,DURATION_STATE_1,0.02,OBSERVED_BIN,1 vs 0,2.0,14.0,20.0,26.0,26.0,26.0,0.0,3.970291913552122,2.2985084800271665,10.886698041004108,0.0,26.0,0.0,0.0,,
4,DURATION_STATE_1,0.02,OBSERVED_BIN,1 vs 0,3.0,27.0,33.0,40.0,27.0,26.0,0.0,3.970291913552122,2.2985084800271665,10.886698041004108,0.0,26.0,1.0,0.0,,
4,DURATION_STATE_1,0.02,OBSERVED_BIN,1 vs 0,4.0,41.0,54.0,67.0,27.0,26.0,0.0,3.970291913552122,2.2985084800271665,10.886698041004108,0.0,26.0,0.0,1.0,,
4,DURATION_STATE_1,0.02,FITTED_CURVE,1 vs 0,,,,,,,,,,,,,,,1.0,-0.009907551519462073
4,DURATION_STATE_1,0.02,FITTED_CURVE,1 vs 0,,,,,,,,,,,,,,,2.0,0.7343700498664404
4,DURATION_STATE_1,0.02,FITTED_CURVE,1 vs 0,,,,,,,,,,,,,,,3.0,1.248183408728335
4,DURATION_STATE_1,0.02,FITTED_CURVE,1 vs 0,,,,,,,,,,,,,,,4.0,1.6374783188327708
4,DURATION_STATE_1,0.02,FITTED_CURVE,1 vs 0,,,,,,,,,,,,,,,5.0,1.9490521281053166
4,DURATION_STATE_1,0.02,FITTED_CURVE,1 vs 0,,,,,,,,,,,,,,,6.0,2.207910427357934
4,DURATION_STATE_1,0.02,FITTED_CURVE,1 vs 0,,,,,,,,,,,,,,,7.0,2.428927118643325
4,DURATION_STATE_1,0.02,FITTED_CURVE,1 vs 0,,,,,,,,,,,,,,,8.0,2.6215166624791286
4,DURATION_STATE_1,0.02,FITTED_CURVE,1 vs 0,,,,,,,,,,,,,,,9.0,2.792000769516047
4,DURATION_STATE_1,0.02,FITTED_CURVE,1 vs 0,,,,,,,,,,,,,,,10.0,2.9448233502952172
4,DURATION_STATE_1,0.02,FITTED_CURVE,1 vs 0,,,,,,,,,,,,,,,11.0,3.083223687952737
4,DURATION_STATE_1,0.02,FITTED_CURVE,1 vs 0,,,,,,,,,,,,,,,12.0,3.2096337598679963
4,DURATION_STATE_1,0.02,FITTED_CURVE,1 vs 0,,,,,,,,,,,,,,,13.0,3.3259298850075907
4,DURATION_STATE_1,0.02,FITTED_CURVE,1 vs 0,,,,,,,,,,,,,,,14.0,3.4335904254359857
4,DURATION_STATE_1,0.02,FITTED_CURVE,1 vs 0,,,,,,,,,,,,,,,15.0,3.5337953519717353
4,DURATION_STATE_1,0.02,FITTED_CURVE,1 vs 0,,,,,,,,,,,,,,,16.0,3.6275007083631308
4,DURATION_STATE_1,0.02,FITTED_CURVE,1 vs 0,,,,,,,,,,,,,,,17.0,3.7154915548613894
4,DURATION_STATE_1,0.02,FITTED_CURVE,1 vs 0,,,,,,,,,,,,,,,18.0,3.7984201986734263
4,DURATION_STATE_1,0.02,FITTED_CURVE,1 vs 0,,,,,,,,,,,,,,,19.0,3.876834346744421
4,DURATION_STATE_1,0.02,FITTED_CURVE,1 vs 0,,,,,,,,,,,,,,,20.0,3.9511982006132995
4,DURATION_STATE_1,0.02,FITTED_CURVE,1 vs 0,,,,,,,,,,,,,,,21.0,4.021908509604577
4,DURATION_STATE_1,0.02,FITTED_CURVE,1 vs 0,,,,,,,,,,,,,,,22.0,4.089306958446472
4,DURATION_STATE_1,0.02,FITTED_CURVE,1 vs 0,,,,,,,,,,,,,,,23.0,4.153689847122149
4,DURATION_STATE_1,0.02,FITTED_CURVE,1 vs 0,,,,,,,,,,,,,,,24.0,4.215315741530032
4,DURATION_STATE_1,0.02,FITTED_CURVE,1 vs 0,,,,,,,,,,,,,,,25.0,4.274411583477639
4,DURATION_STATE_1,0.02,FITTED_CURVE,1 vs 0,,,,,,,,,,,,,,,26.0,4.331177616884727
4,DURATION_STATE_1,0.02,FITTED_CURVE,1 vs 0,,,,,,,,,,,,,,,27.0,4.385791394404977
4,DURATION_STATE_1,0.02,FITTED_CURVE,1 vs 0,,,,,,,,,,,,,,,28.0,4.438411062483304
4,DURATION_STATE_1,0.02,FITTED_CURVE,1 vs 0,,,,,,,,,,,,,,,29.0,4.489153116708455
4,DURATION_STATE_1,0.02,FITTED_CURVE,1 vs 0,,,,,,,,,,,,,,,30.0,4.5379231331099525
4,DURATION_STATE_1,0.02,FITTED_CURVE,1 vs 0,,,,,,,,,,,,,,,31.0,4.584559361735487
4,DURATION_STATE_1,0.02,FITTED_CURVE,1 vs 0,,,,,,,,,,,,,,,32.0,4.628940530898896
4,DURATION_STATE_1,0.02,FITTED_CURVE,1 vs 0,,,,,,,,,,,,,,,33.0,4.670978927348387
4,DURATION_STATE_1,0.02,FITTED_CURVE,1 vs 0,,,,,,,,,,,,,,,34.0,4.710614116896075
4,DURATION_STATE_1,0.02,FITTED_CURVE,1 vs 0,,,,,,,,,,,,,,,35.0,4.747807851459832
4,DURATION_STATE_1,0.02,FITTED_CURVE,1 vs 0,,,,,,,,,,,,,,,36.0,4.782539922746126
4,DURATION_STATE_1,0.02,FITTED_CURVE,1 vs 0,,,,,,,,,,,,,,,37.0,4.814804775141049
4,DURATION_STATE_1,0.02,FITTED_CURVE,1 vs 0,,,,,,,,,,,,,,,38.0,4.844608730399621
4,DURATION_STATE_1,0.02,FITTED_CURVE,1 vs 0,,,,,,,,,,,,,,,39.0,4.8719677075386265
4,DURATION_STATE_1,0.02,FITTED_CURVE,1 vs 0,,,,,,,,,,,,,,,40.0,4.896905345217515
4,DURATION_STATE_1,0.02,FITTED_CURVE,1 vs 0,,,,,,,,,,,,,,,41.0,4.919451452508965
4,DURATION_STATE_1,0.02,FITTED_CURVE,1 vs 0,,,,,,,,,,,,,,,42.0,4.9396407285589365
4,DURATION_STATE_1,0.02,FITTED_CURVE,1 vs 0,,,,,,,,,,,,,,,43.0,4.957511703144824
4,DURATION_STATE_1,0.02,FITTED_CURVE,1 vs 0,,,,,,,,,,,,,,,44.0,4.9731058592604915
4,DURATION_STATE_1,0.02,FITTED_CURVE,1 vs 0,,,,,,,,,,,,,,,45.0,4.9864669061191815
4,DURATION_STATE_1,0.02,FITTED_CURVE,1 vs 0,,,,,,,,,,,,,,,46.0,4.997640176774907
4,DURATION_STATE_1,0.02,FITTED_CURVE,1 vs 0,,,,,,,,,,,,,,,47.0,5.006672129230716
4,DURATION_STATE_1,0.02,FITTED_CURVE,1 vs 0,,,,,,,,,,,,,,,48.0,5.0136099336682465
4,DURATION_STATE_1,0.02,FITTED_CURVE,1 vs 0,,,,,,,,,,,,,,,49.0,5.01850113148338
4,DURATION_STATE_1,0.02,FITTED_CURVE,1 vs 0,,,,,,,,,,,,,,,50.0,5.021393354292843
4,DURATION_STATE_1,0.02,FITTED_CURVE,1 vs 0,,,,,,,,,,,,,,,51.0,5.022334093100093
4,DURATION_STATE_1,0.02,FITTED_CURVE,1 vs 0,,,,,,,,,,,,,,,52.0,5.021370509465383
4,DURATION_STATE_1,0.02,FITTED_CURVE,1 vs 0,,,,,,,,,,,,,,,53.0,5.018549281885428
4,DURATION_STATE_1,0.02,FITTED_CURVE,1 vs 0,,,,,,,,,,,,,,,54.0,5.013916481708952
4,DURATION_STATE_1,0.02,FITTED_CURVE,1 vs 0,,,,,,,,,,,,,,,55.0,5.0075174738404025
4,DURATION_STATE_1,0.02,FITTED_CURVE,1 vs 0,,,,,,,,,,,,,,,56.0,4.999396838251321
4,DURATION_STATE_1,0.02,FITTED_CURVE,1 vs 0,,,,,,,,,,,,,,,57.0,4.9895983089561184
4,DURATION_STATE_1,0.02,FITTED_CURVE,1 vs 0,,,,,,,,,,,,,,,58.0,4.978164727639754
4,DURATION_STATE_1,0.02,FITTED_CURVE,1 vs 0,,,,,,,,,,,,,,,59.0,4.965138009567619
4,DURATION_STATE_1,0.02,FITTED_CURVE,1 vs 0,,,,,,,,,,,,,,,60.0,4.9505591197786245
4,DURATION_STATE_1,0.02,FITTED_CURVE,1 vs 0,,,,,,,,,,,,,,,61.0,4.9344680578730005
4,DURATION_STATE_1,0.02,FITTED_CURVE,1 vs 0,,,,,,,,,,,,,,,62.0,4.916903849967309
4,DURATION_STATE_1,0.02,FITTED_CURVE,1 vs 0,,,,,,,,,,,,,,,63.0,4.897904546608723
4,DURATION_STATE_1,0.02,FITTED_CURVE,1 vs 0,,,,,,,,,,,,,,,64.0,4.877507225625772
4,DURATION_STATE_1,0.02,FITTED_CURVE,1 vs 0,,,,,,,,,,,,,,,65.0,4.855747999049054
4,DURATION_STATE_1,0.02,FITTED_CURVE,1 vs 0,,,,,,,,,,,,,,,66.0,4.832662023367628
4,DURATION_STATE_1,0.02,FITTED_CURVE,1 vs 0,,,,,,,,,,,,,,,67.0,4.808283512498821
4,DURATION_STATE_1,0.02,OBSERVED_BIN,1 vs 2,0.0,1.0,3.0,5.0,30.0,28.0,1.0,2.9444389791664403,1.7339918833003918,5.583267112041856,0.0,28.0,1.0,1.0,,
4,DURATION_STATE_1,0.02,OBSERVED_BIN,1 vs 2,1.0,6.0,9.0,13.0,26.0,24.0,1.0,2.793208009442517,1.5705853746547411,5.433128326020288,0.0,24.0,1.0,1.0,,
4,DURATION_STATE_1,0.02,OBSERVED_BIN,1 vs 2,2.0,14.0,20.0,26.0,26.0,26.0,0.0,3.970291913552122,2.2985084800271665,10.886698041004108,0.0,26.0,0.0,0.0,,
4,DURATION_STATE_1,0.02,OBSERVED_BIN,1 vs 2,3.0,27.0,33.0,40.0,27.0,26.0,1.0,2.8716796248840124,1.655608310123488,5.511013203354759,0.0,26.0,1.0,0.0,,
4,DURATION_STATE_1,0.02,OBSERVED_BIN,1 vs 2,4.0,41.0,54.0,67.0,27.0,26.0,0.0,3.970291913552122,2.2985084800271665,10.886698041004108,0.0,26.0,0.0,1.0,,
4,DURATION_STATE_1,0.02,FITTED_CURVE,1 vs 2,,,,,,,,,,,,,,,1.0,0.08180404240464947
4,DURATION_STATE_1,0.02,FITTED_CURVE,1 vs 2,,,,,,,,,,,,,,,2.0,0.7396701423592639
4,DURATION_STATE_1,0.02,FITTED_CURVE,1 vs 2,,,,,,,,,,,,,,,3.0,1.193093153388411
4,DURATION_STATE_1,0.02,FITTED_CURVE,1 vs 2,,,,,,,,,,,,,,,4.0,1.5361419476178488
4,DURATION_STATE_1,0.02,FITTED_CURVE,1 vs 2,,,,,,,,,,,,,,,5.0,1.8103486631091616
4,DURATION_STATE_1,0.02,FITTED_CURVE,1 vs 2,,,,,,,,,,,,,,,6.0,2.037905997747327
4,DURATION_STATE_1,0.02,FITTED_CURVE,1 vs 2,,,,,,,,,,,,,,,7.0,2.232011775776458
4,DURATION_STATE_1,0.02,FITTED_CURVE,1 vs 2,,,,,,,,,,,,,,,8.0,2.4010116141084916
4,DURATION_STATE_1,0.02,FITTED_CURVE,1 vs 2,,,,,,,,,,,,,,,9.0,2.550504667472626
4,DURATION_STATE_1,0.02,FITTED_CURVE,1 vs 2,,,,,,,,,,,,,,,10.0,2.6844238885834737
4,DURATION_STATE_1,0.02,FITTED_CURVE,1 vs 2,,,,,,,,,,,,,,,11.0,2.805634118094065
4,DURATION_STATE_1,0.02,FITTED_CURVE,1 vs 2,,,,,,,,,,,,,,,12.0,2.916284866462338
4,DURATION_STATE_1,0.02,FITTED_CURVE,1 vs 2,,,,,,,,,,,,,,,13.0,3.0180340938574894
4,DURATION_STATE_1,0.02,FITTED_CURVE,1 vs 2,,,,,,,,,,,,,,,14.0,3.1121879022866246
4,DURATION_STATE_1,0.02,FITTED_CURVE,1 vs 2,,,,,,,,,,,,,,,15.0,3.199788104822365
4,DURATION_STATE_1,0.02,FITTED_CURVE,1 vs 2,,,,,,,,,,,,,,,16.0,3.281678275300779
4,DURATION_STATE_1,0.02,FITTED_CURVE,1 vs 2,,,,,,,,,,,,,,,17.0,3.358550712668004
4,DURATION_STATE_1,0.02,FITTED_CURVE,1 vs 2,,,,,,,,,,,,,,,18.0,3.4309803332334745
4,DURATION_STATE_1,0.02,FITTED_CURVE,1 vs 2,,,,,,,,,,,,,,,19.0,3.4994496145579355
4,DURATION_STATE_1,0.02,FITTED_CURVE,1 vs 2,,,,,,,,,,,,,,,20.0,3.5643672758173395
4,DURATION_STATE_1,0.02,FITTED_CURVE,1 vs 2,,,,,,,,,,,,,,,21.0,3.6260824863219954
4,DURATION_STATE_1,0.02,FITTED_CURVE,1 vs 2,,,,,,,,,,,,,,,22.0,3.6848958243753174
4,DURATION_STATE_1,0.02,FITTED_CURVE,1 vs 2,,,,,,,,,,,,,,,23.0,3.7410678367404477
4,DURATION_STATE_1,0.02,FITTED_CURVE,1 vs 2,,,,,,,,,,,,,,,24.0,3.7948258008233373
4,DURATION_STATE_1,0.02,FITTED_CURVE,1 vs 2,,,,,,,,,,,,,,,25.0,3.8463691228538295
4,DURATION_STATE_1,0.02,FITTED_CURVE,1 vs 2,,,,,,,,,,,,,,,26.0,3.8958736884506173
4,DURATION_STATE_1,0.02,FITTED_CURVE,1 vs 2,,,,,,,,,,,,,,,27.0,3.9434953997080147
4,DURATION_STATE_1,0.02,FITTED_CURVE,1 vs 2,,,,,,,,,,,,,,,28.0,3.9893730742157736
4,DURATION_STATE_1,0.02,FITTED_CURVE,1 vs 2,,,,,,,,,,,,,,,29.0,4.033608970366795
4,DURATION_STATE_1,0.02,FITTED_CURVE,1 vs 2,,,,,,,,,,,,,,,30.0,4.076120485906236
4,DURATION_STATE_1,0.02,FITTED_CURVE,1 vs 2,,,,,,,,,,,,,,,31.0,4.116765985660332
4,DURATION_STATE_1,0.02,FITTED_CURVE,1 vs 2,,,,,,,,,,,,,,,32.0,4.15543926839419
4,DURATION_STATE_1,0.02,FITTED_CURVE,1 vs 2,,,,,,,,,,,,,,,33.0,4.19206351013877
4,DURATION_STATE_1,0.02,FITTED_CURVE,1 vs 2,,,,,,,,,,,,,,,34.0,4.226585767428821
4,DURATION_STATE_1,0.02,FITTED_CURVE,1 vs 2,,,,,,,,,,,,,,,35.0,4.25897251907868
4,DURATION_STATE_1,0.02,FITTED_CURVE,1 vs 2,,,,,,,,,,,,,,,36.0,4.2892060366099845
4,DURATION_STATE_1,0.02,FITTED_CURVE,1 vs 2,,,,,,,,,,,,,,,37.0,4.317281419260397
4,DURATION_STATE_1,0.02,FITTED_CURVE,1 vs 2,,,,,,,,,,,,,,,38.0,4.34320416453685
4,DURATION_STATE_1,0.02,FITTED_CURVE,1 vs 2,,,,,,,,,,,,,,,39.0,4.366988172251162
4,DURATION_STATE_1,0.02,FITTED_CURVE,1 vs 2,,,,,,,,,,,,,,,40.0,4.388654100878758
4,DURATION_STATE_1,0.02,FITTED_CURVE,1 vs 2,,,,,,,,,,,,,,,41.0,4.408228011377921
4,DURATION_STATE_1,0.02,FITTED_CURVE,1 vs 2,,,,,,,,,,,,,,,42.0,4.425740246385546
4,DURATION_STATE_1,0.02,FITTED_CURVE,1 vs 2,,,,,,,,,,,,,,,43.0,4.441224502779754
4,DURATION_STATE_1,0.02,FITTED_CURVE,1 vs 2,,,,,,,,,,,,,,,44.0,4.454717063583129
4,DURATION_STATE_1,0.02,FITTED_CURVE,1 vs 2,,,,,,,,,,,,,,,45.0,4.4662561615373075
4,DURATION_STATE_1,0.02,FITTED_CURVE,1 vs 2,,,,,,,,,,,,,,,46.0,4.47588145176519
4,DURATION_STATE_1,0.02,FITTED_CURVE,1 vs 2,,,,,,,,,,,,,,,47.0,4.483633575023011
4,DURATION_STATE_1,0.02,FITTED_CURVE,1 vs 2,,,,,,,,,,,,,,,48.0,4.489553796341088
4,DURATION_STATE_1,0.02,FITTED_CURVE,1 vs 2,,,,,,,,,,,,,,,49.0,4.4936837065223
4,DURATION_STATE_1,0.02,FITTED_CURVE,1 vs 2,,,,,,,,,,,,,,,50.0,4.496064976138225
4,DURATION_STATE_1,0.02,FITTED_CURVE,1 vs 2,,,,,,,,,,,,,,,51.0,4.496739153434159
4,DURATION_STATE_1,0.02,FITTED_CURVE,1 vs 2,,,,,,,,,,,,,,,52.0,4.49574749900432
4,DURATION_STATE_1,0.02,FITTED_CURVE,1 vs 2,,,,,,,,,,,,,,,53.0,4.493130851289495
4,DURATION_STATE_1,0.02,FITTED_CURVE,1 vs 2,,,,,,,,,,,,,,,54.0,4.488929517930518
4,DURATION_STATE_1,0.02,FITTED_CURVE,1 vs 2,,,,,,,,,,,,,,,55.0,4.483183188821568
4,DURATION_STATE_1,0.02,FITTED_CURVE,1 vs 2,,,,,,,,,,,,,,,56.0,4.475930867378871
4,DURATION_STATE_1,0.02,FITTED_CURVE,1 vs 2,,,,,,,,,,,,,,,57.0,4.467210817098201
4,DURATION_STATE_1,0.02,FITTED_CURVE,1 vs 2,,,,,,,,,,,,,,,58.0,4.457060520939151
4,DURATION_STATE_1,0.02,FITTED_CURVE,1 vs 2,,,,,,,,,,,,,,,59.0,4.445516651461834
4,DURATION_STATE_1,0.02,FITTED_CURVE,1 vs 2,,,,,,,,,,,,,,,60.0,4.432615049966082
4,DURATION_STATE_1,0.02,FITTED_CURVE,1 vs 2,,,,,,,,,,,,,,,61.0,4.418390713155075
4,DURATION_STATE_1,0.02,FITTED_CURVE,1 vs 2,,,,,,,,,,,,,,,62.0,4.40287778607376
4,DURATION_STATE_1,0.02,FITTED_CURVE,1 vs 2,,,,,,,,,,,,,,,63.0,4.386109560264664
4,DURATION_STATE_1,0.02,FITTED_CURVE,1 vs 2,,,,,,,,,,,,,,,64.0,4.368118476245705
4,DURATION_STATE_1,0.02,FITTED_CURVE,1 vs 2,,,,,,,,,,,,,,,65.0,4.3489361295514835
4,DURATION_STATE_1,0.02,FITTED_CURVE,1 vs 2,,,,,,,,,,,,,,,66.0,4.328593279695241
4,DURATION_STATE_1,0.02,FITTED_CURVE,1 vs 2,,,,,,,,,,,,,,,67.0,4.307119861506741
4,DURATION_STATE_1,0.02,OBSERVED_BIN,1 vs 3,0.0,1.0,3.0,5.0,30.0,28.0,1.0,2.9444389791664403,1.7339918833003918,5.583267112041856,0.0,28.0,1.0,1.0,,
4,DURATION_STATE_1,0.02,OBSERVED_BIN,1 vs 3,1.0,6.0,9.0,13.0,26.0,24.0,1.0,2.793208009442517,1.5705853746547411,5.433128326020288,0.0,24.0,1.0,1.0,,
4,DURATION_STATE_1,0.02,OBSERVED_BIN,1 vs 3,2.0,14.0,20.0,26.0,26.0,26.0,0.0,3.970291913552122,2.2985084800271665,10.886698041004108,0.0,26.0,0.0,0.0,,
4,DURATION_STATE_1,0.02,OBSERVED_BIN,1 vs 3,3.0,27.0,33.0,40.0,27.0,26.0,0.0,3.970291913552122,2.2985084800271665,10.886698041004108,0.0,26.0,1.0,0.0,,
4,DURATION_STATE_1,0.02,OBSERVED_BIN,1 vs 3,4.0,41.0,54.0,67.0,27.0,26.0,1.0,2.8716796248840124,1.655608310123488,5.511013203354759,0.0,26.0,0.0,1.0,,
4,DURATION_STATE_1,0.02,FITTED_CURVE,1 vs 3,,,,,,,,,,,,,,,1.0,1.6894486602072414
4,DURATION_STATE_1,0.02,FITTED_CURVE,1 vs 3,,,,,,,,,,,,,,,2.0,2.1452776274126375
4,DURATION_STATE_1,0.02,FITTED_CURVE,1 vs 3,,,,,,,,,,,,,,,3.0,2.458526935248465
4,DURATION_STATE_1,0.02,FITTED_CURVE,1 vs 3,,,,,,,,,,,,,,,4.0,2.694985517486645
4,DURATION_STATE_1,0.02,FITTED_CURVE,1 vs 3,,,,,,,,,,,,,,,5.0,2.883637595289566
4,DURATION_STATE_1,0.02,FITTED_CURVE,1 vs 3,,,,,,,,,,,,,,,6.0,3.03994862042139
4,DURATION_STATE_1,0.02,FITTED_CURVE,1 vs 3,,,,,,,,,,,,,,,7.0,3.1731043820829665
4,DURATION_STATE_1,0.02,FITTED_CURVE,1 vs 3,,,,,,,,,,,,,,,8.0,3.2889051552010744
4,DURATION_STATE_1,0.02,FITTED_CURVE,1 vs 3,,,,,,,,,,,,,,,9.0,3.391237460924875
4,DURATION_STATE_1,0.02,FITTED_CURVE,1 vs 3,,,,,,,,,,,,,,,10.0,3.482828185924507
4,DURATION_STATE_1,0.02,FITTED_CURVE,1 vs 3,,,,,,,,,,,,,,,11.0,3.565661631662903
4,DURATION_STATE_1,0.02,FITTED_CURVE,1 vs 3,,,,,,,,,,,,,,,12.0,3.6412252493648594
4,DURATION_STATE_1,0.02,FITTED_CURVE,1 vs 3,,,,,,,,,,,,,,,13.0,3.7106650672808823
4,DURATION_STATE_1,0.02,FITTED_CURVE,1 vs 3,,,,,,,,,,,,,,,14.0,3.774882926221709
4,DURATION_STATE_1,0.02,FITTED_CURVE,1 vs 3,,,,,,,,,,,,,,,15.0,3.834597744019541
4,DURATION_STATE_1,0.02,FITTED_CURVE,1 vs 3,,,,,,,,,,,,,,,16.0,3.8903913247997215
4,DURATION_STATE_1,0.02,FITTED_CURVE,1 vs 3,,,,,,,,,,,,,,,17.0,3.942740894747404
4,DURATION_STATE_1,0.02,FITTED_CURVE,1 vs 3,,,,,,,,,,,,,,,18.0,3.992042570849562
4,DURATION_STATE_1,0.02,FITTED_CURVE,1 vs 3,,,,,,,,,,,,,,,19.0,4.038628625632142
4,DURATION_STATE_1,0.02,FITTED_CURVE,1 vs 3,,,,,,,,,,,,,,,20.0,4.082780411145948
4,DURATION_STATE_1,0.02,FITTED_CURVE,1 vs 3,,,,,,,,,,,,,,,21.0,4.124738185114893
4,DURATION_STATE_1,0.02,FITTED_CURVE,1 vs 3,,,,,,,,,,,,,,,22.0,4.164708686770845
4,DURATION_STATE_1,0.02,FITTED_CURVE,1 vs 3,,,,,,,,,,,,,,,23.0,4.202871051778694
4,DURATION_STATE_1,0.02,FITTED_CURVE,1 vs 3,,,,,,,,,,,,,,,24.0,4.239381483485282
4,DURATION_STATE_1,0.02,FITTED_CURVE,1 vs 3,,,,,,,,,,,,,,,25.0,4.274376980634974
4,DURATION_STATE_1,0.02,FITTED_CURVE,1 vs 3,,,,,,,,,,,,,,,26.0,4.307978340647358
4,DURATION_STATE_1,0.02,FITTED_CURVE,1 vs 3,,,,,,,,,,,,,,,27.0,4.340292600545187
4,DURATION_STATE_1,0.02,FITTED_CURVE,1 vs 3,,,,,,,,,,,,,,,28.0,4.37141503692874
4,DURATION_STATE_1,0.02,FITTED_CURVE,1 vs 3,,,,,,,,,,,,,,,29.0,4.401415780213226
4,DURATION_STATE_1,0.02,FITTED_CURVE,1 vs 3,,,,,,,,,,,,,,,30.0,4.430237846817233
4,DURATION_STATE_1,0.02,FITTED_CURVE,1 vs 3,,,,,,,,,,,,,,,31.0,4.457783660638637
4,DURATION_STATE_1,0.02,FITTED_CURVE,1 vs 3,,,,,,,,,,,,,,,32.0,4.483980010201219
4,DURATION_STATE_1,0.02,FITTED_CURVE,1 vs 3,,,,,,,,,,,,,,,33.0,4.508773885649178
4,DURATION_STATE_1,0.02,FITTED_CURVE,1 vs 3,,,,,,,,,,,,,,,34.0,4.532128700322411
4,DURATION_STATE_1,0.02,FITTED_CURVE,1 vs 3,,,,,,,,,,,,,,,35.0,4.554021226111399
4,DURATION_STATE_1,0.02,FITTED_CURVE,1 vs 3,,,,,,,,,,,,,,,36.0,4.5744390983484
4,DURATION_STATE_1,0.02,FITTED_CURVE,1 vs 3,,,,,,,,,,,,,,,37.0,4.5933787774768575
4,DURATION_STATE_1,0.02,FITTED_CURVE,1 vs 3,,,,,,,,,,,,,,,38.0,4.6108438788171995
4,DURATION_STATE_1,0.02,FITTED_CURVE,1 vs 3,,,,,,,,,,,,,,,39.0,4.626843800284979
4,DURATION_STATE_1,0.02,FITTED_CURVE,1 vs 3,,,,,,,,,,,,,,,40.0,4.641392592282321
4,DURATION_STATE_1,0.02,FITTED_CURVE,1 vs 3,,,,,,,,,,,,,,,41.0,4.654508025183543
4,DURATION_STATE_1,0.02,FITTED_CURVE,1 vs 3,,,,,,,,,,,,,,,42.0,4.6662108186177
4,DURATION_STATE_1,0.02,FITTED_CURVE,1 vs 3,,,,,,,,,,,,,,,43.0,4.67652400367458
4,DURATION_STATE_1,0.02,FITTED_CURVE,1 vs 3,,,,,,,,,,,,,,,44.0,4.685472394647242
4,DURATION_STATE_1,0.02,FITTED_CURVE,1 vs 3,,,,,,,,,,,,,,,45.0,4.6930821512932175
4,DURATION_STATE_1,0.02,FITTED_CURVE,1 vs 3,,,,,,,,,,,,,,,46.0,4.699380416091602
4,DURATION_STATE_1,0.02,FITTED_CURVE,1 vs 3,,,,,,,,,,,,,,,47.0,4.7043950137814905
4,DURATION_STATE_1,0.02,FITTED_CURVE,1 vs 3,,,,,,,,,,,,,,,48.0,4.708154202732943
4,DURATION_STATE_1,0.02,FITTED_CURVE,1 vs 3,,,,,,,,,,,,,,,49.0,4.710686469536879
4,DURATION_STATE_1,0.02,FITTED_CURVE,1 vs 3,,,,,,,,,,,,,,,50.0,4.71202035969241
4,DURATION_STATE_1,0.02,FITTED_CURVE,1 vs 3,,,,,,,,,,,,,,,51.0,4.7121843384875195
4,DURATION_STATE_1,0.02,FITTED_CURVE,1 vs 3,,,,,,,,,,,,,,,52.0,4.711206677165721
4,DURATION_STATE_1,0.02,FITTED_CURVE,1 vs 3,,,,,,,,,,,,,,,53.0,4.709115360289858
4,DURATION_STATE_1,0.02,FITTED_CURVE,1 vs 3,,,,,,,,,,,,,,,54.0,4.7059380108886835
4,DURATION_STATE_1,0.02,FITTED_CURVE,1 vs 3,,,,,,,,,,,,,,,55.0,4.701701830528932
4,DURATION_STATE_1,0.02,FITTED_CURVE,1 vs 3,,,,,,,,,,,,,,,56.0,4.696433551917295
4,DURATION_STATE_1,0.02,FITTED_CURVE,1 vs 3,,,,,,,,,,,,,,,57.0,4.690159402020152
4,DURATION_STATE_1,0.02,FITTED_CURVE,1 vs 3,,,,,,,,,,,,,,,58.0,4.682905074008207
4,DURATION_STATE_1,0.02,FITTED_CURVE,1 vs 3,,,,,,,,,,,,,,,59.0,4.674695706599746
4,DURATION_STATE_1,0.02,FITTED_CURVE,1 vs 3,,,,,,,,,,,,,,,60.0,4.6655558695991814
4,DURATION_STATE_1,0.02,FITTED_CURVE,1 vs 3,,,,,,,,,,,,,,,61.0,4.655509554614504
4,DURATION_STATE_1,0.02,FITTED_CURVE,1 vs 3,,,,,,,,,,,,,,,62.0,4.644580170094244
4,DURATION_STATE_1,0.02,FITTED_CURVE,1 vs 3,,,,,,,,,,,,,,,63.0,4.632790539956741
4,DURATION_STATE_1,0.02,FITTED_CURVE,1 vs 3,,,,,,,,,,,,,,,64.0,4.620162905195887
4,DURATION_STATE_1,0.02,FITTED_CURVE,1 vs 3,,,,,,,,,,,,,,,65.0,4.606718927941616
4,DURATION_STATE_1,0.02,FITTED_CURVE,1 vs 3,,,,,,,,,,,,,,,66.0,4.592479697532973
4,DURATION_STATE_1,0.02,FITTED_CURVE,1 vs 3,,,,,,,,,,,,,,,67.0,4.57746573822901
4,DURATION_STATE_2,0.02,OBSERVED_BIN,2 vs 0,0.0,1.0,1.0,2.0,104.0,92.0,12.0,2.0014800002101243,1.4686798120933553,2.6719458943793706,12.0,0.0,92.0,0.0,,
4,DURATION_STATE_2,0.02,OBSERVED_BIN,2 vs 0,1.0,3.0,3.0,4.0,75.0,64.0,10.0,1.8152899666382492,1.2283739058643641,2.561608077410552,10.0,0.0,64.0,1.0,,
4,DURATION_STATE_2,0.02,OBSERVED_BIN,2 vs 0,2.0,5.0,6.0,7.0,82.0,74.0,7.0,2.295896104843249,1.642104581554249,3.191388969914157,7.0,0.0,74.0,1.0,,
4,DURATION_STATE_2,0.02,OBSERVED_BIN,2 vs 0,3.0,8.0,9.0,11.0,83.0,78.0,5.0,2.6583505325499375,1.9279348465097543,3.733286916587094,5.0,0.0,78.0,0.0,,
4,DURATION_STATE_2,0.02,OBSERVED_BIN,2 vs 0,4.0,12.0,14.0,16.0,75.0,69.0,4.0,2.7372493557944724,1.9457556264836928,3.956257252340343,4.0,1.0,69.0,1.0,,
4,DURATION_STATE_2,0.02,OBSERVED_BIN,2 vs 0,5.0,17.0,20.0,23.0,80.0,78.0,2.0,3.4468078929142076,2.4729165046024457,5.247963126395921,2.0,0.0,78.0,0.0,,
4,DURATION_STATE_2,0.02,OBSERVED_BIN,2 vs 0,6.0,24.0,28.0,32.0,79.0,77.0,2.0,3.4339872044851463,2.459690870143917,5.235229997720079,2.0,0.0,77.0,0.0,,
4,DURATION_STATE_2,0.02,OBSERVED_BIN,2 vs 0,7.0,33.0,38.0,43.0,84.0,82.0,1.0,4.007333185232471,2.8453673032808164,6.641736321271555,1.0,0.0,82.0,1.0,,
4,DURATION_STATE_2,0.02,OBSERVED_BIN,2 vs 0,8.0,44.0,52.0,65.0,81.0,78.0,3.0,3.1103356562929947,2.2478257565555726,4.542002715345759,3.0,0.0,78.0,0.0,,
4,DURATION_STATE_2,0.02,OBSERVED_BIN,2 vs 0,9.0,66.0,79.0,108.0,82.0,79.0,2.0,3.459466289786131,2.485969648951263,5.260536147328092,2.0,1.0,79.0,0.0,,
4,DURATION_STATE_2,0.02,FITTED_CURVE,2 vs 0,,,,,,,,,,,,,,,1.0,0.9305110856375808
4,DURATION_STATE_2,0.02,FITTED_CURVE,2 vs 0,,,,,,,,,,,,,,,2.3544303797468356,1.5383221799408695
4,DURATION_STATE_2,0.02,FITTED_CURVE,2 vs 0,,,,,,,,,,,,,,,3.7088607594936707,1.910542324349976
4,DURATION_STATE_2,0.02,FITTED_CURVE,2 vs 0,,,,,,,,,,,,,,,5.063291139240506,2.1740389441728074
4,DURATION_STATE_2,0.02,FITTED_CURVE,2 vs 0,,,,,,,,,,,,,,,6.417721518987341,2.375577306902515
4,DURATION_STATE_2,0.02,FITTED_CURVE,2 vs 0,,,,,,,,,,,,,,,7.772151898734177,2.5375956052268007
4,DURATION_STATE_2,0.02,FITTED_CURVE,2 vs 0,,,,,,,,,,,,,,,9.126582278481012,2.6724841496486174
4,DURATION_STATE_2,0.02,FITTED_CURVE,2 vs 0,,,,,,,,,,,,,,,10.481012658227847,2.7876826728035646
4,DURATION_STATE_2,0.02,FITTED_CURVE,2 vs 0,,,,,,,,,,,,,,,11.835443037974683,2.887988002514075
4,DURATION_STATE_2,0.02,FITTED_CURVE,2 vs 0,,,,,,,,,,,,,,,13.189873417721518,2.976663667410264
4,DURATION_STATE_2,0.02,FITTED_CURVE,2 vs 0,,,,,,,,,,,,,,,14.544303797468354,3.056025007112937
4,DURATION_STATE_2,0.02,FITTED_CURVE,2 vs 0,,,,,,,,,,,,,,,15.89873417721519,3.127770820528395
4,DURATION_STATE_2,0.02,FITTED_CURVE,2 vs 0,,,,,,,,,,,,,,,17.253164556962023,3.1931847721970916
4,DURATION_STATE_2,0.02,FITTED_CURVE,2 vs 0,,,,,,,,,,,,,,,18.60759493670886,3.2532625878991723
4,DURATION_STATE_2,0.02,FITTED_CURVE,2 vs 0,,,,,,,,,,,,,,,19.962025316455694,3.3087874555108425
4,DURATION_STATE_2,0.02,FITTED_CURVE,2 vs 0,,,,,,,,,,,,,,,21.31645569620253,3.3603851907624733
4,DURATION_STATE_2,0.02,FITTED_CURVE,2 vs 0,,,,,,,,,,,,,,,22.670886075949365,3.4085632944977755
4,DURATION_STATE_2,0.02,FITTED_CURVE,2 vs 0,,,,,,,,,,,,,,,24.0253164556962,3.4537386826074594
4,DURATION_STATE_2,0.02,FITTED_CURVE,2 vs 0,,,,,,,,,,,,,,,25.379746835443036,3.496257797129108
4,DURATION_STATE_2,0.02,FITTED_CURVE,2 vs 0,,,,,,,,,,,,,,,26.73417721518987,3.5364114681949737
4,DURATION_STATE_2,0.02,FITTED_CURVE,2 vs 0,,,,,,,,,,,,,,,28.088607594936708,3.574446081742091
4,DURATION_STATE_2,0.02,FITTED_CURVE,2 vs 0,,,,,,,,,,,,,,,29.44303797468354,3.6105720975624345
4,DURATION_STATE_2,0.02,FITTED_CURVE,2 vs 0,,,,,,,,,,,,,,,30.79746835443038,3.644970634330826
4,DURATION_STATE_2,0.02,FITTED_CURVE,2 vs 0,,,,,,,,,,,,,,,32.15189873417721,3.6777986226345147
4,DURATION_STATE_2,0.02,FITTED_CURVE,2 vs 0,,,,,,,,,,,,,,,33.506329113924046,3.7091928823142535
4,DURATION_STATE_2,0.02,FITTED_CURVE,2 vs 0,,,,,,,,,,,,,,,34.860759493670884,3.7392733814690544
4,DURATION_STATE_2,0.02,FITTED_CURVE,2 vs 0,,,,,,,,,,,,,,,36.21518987341772,3.768145865649802
4,DURATION_STATE_2,0.02,FITTED_CURVE,2 vs 0,,,,,,,,,,,,,,,37.56962025316455,3.7959039971481086
4,DURATION_STATE_2,0.02,FITTED_CURVE,2 vs 0,,,,,,,,,,,,,,,38.92405063291139,3.8226311094508096
4,DURATION_STATE_2,0.02,FITTED_CURVE,2 vs 0,,,,,,,,,,,,,,,40.278481012658226,3.8484016566408887
4,DURATION_STATE_2,0.02,FITTED_CURVE,2 vs 0,,,,,,,,,,,,,,,41.63291139240506,3.8732824189428565
4,DURATION_STATE_2,0.02,FITTED_CURVE,2 vs 0,,,,,,,,,,,,,,,42.98734177215189,3.8973137494478216
4,DURATION_STATE_2,0.02,FITTED_CURVE,2 vs 0,,,,,,,,,,,,,,,44.34177215189873,3.9204549280186236
4,DURATION_STATE_2,0.02,FITTED_CURVE,2 vs 0,,,,,,,,,,,,,,,45.69620253164557,3.942657202307505
4,DURATION_STATE_2,0.02,FITTED_CURVE,2 vs 0,,,,,,,,,,,,,,,47.0506329113924,3.963884647299213
4,DURATION_STATE_2,0.02,FITTED_CURVE,2 vs 0,,,,,,,,,,,,,,,48.405063291139236,3.9841118684854098
4,DURATION_STATE_2,0.02,FITTED_CURVE,2 vs 0,,,,,,,,,,,,,,,49.75949367088607,4.003322121166999
4,DURATION_STATE_2,0.02,FITTED_CURVE,2 vs 0,,,,,,,,,,,,,,,51.11392405063291,4.021505765158916
4,DURATION_STATE_2,0.02,FITTED_CURVE,2 vs 0,,,,,,,,,,,,,,,52.46835443037974,4.038658991069052
4,DURATION_STATE_2,0.02,FITTED_CURVE,2 vs 0,,,,,,,,,,,,,,,53.82278481012658,4.054782767440108
4,DURATION_STATE_2,0.02,FITTED_CURVE,2 vs 0,,,,,,,,,,,,,,,55.177215189873415,4.069881968252852
4,DURATION_STATE_2,0.02,FITTED_CURVE,2 vs 0,,,,,,,,,,,,,,,56.531645569620245,4.083964648282962
4,DURATION_STATE_2,0.02,FITTED_CURVE,2 vs 0,,,,,,,,,,,,,,,57.88607594936708,4.097041440097948
4,DURATION_STATE_2,0.02,FITTED_CURVE,2 vs 0,,,,,,,,,,,,,,,59.24050632911392,4.109125051462923
4,DURATION_STATE_2,0.02,FITTED_CURVE,2 vs 0,,,,,,,,,,,,,,,60.59493670886076,4.120229845887871
4,DURATION_STATE_2,0.02,FITTED_CURVE,2 vs 0,,,,,,,,,,,,,,,61.94936708860759,4.130371492217681
4,DURATION_STATE_2,0.02,FITTED_CURVE,2 vs 0,,,,,,,,,,,,,,,63.303797468354425,4.13956667171063
4,DURATION_STATE_2,0.02,FITTED_CURVE,2 vs 0,,,,,,,,,,,,,,,64.65822784810126,4.14783283310308
4,DURATION_STATE_2,0.02,FITTED_CURVE,2 vs 0,,,,,,,,,,,,,,,66.01265822784809,4.155187987819806
4,DURATION_STATE_2,0.02,FITTED_CURVE,2 vs 0,,,,,,,,,,,,,,,67.36708860759494,4.161650538840285
4,DURATION_STATE_2,0.02,FITTED_CURVE,2 vs 0,,,,,,,,,,,,,,,68.72151898734177,4.1672391378334765
4,DURATION_STATE_2,0.02,FITTED_CURVE,2 vs 0,,,,,,,,,,,,,,,70.0759493670886,4.171972566076229
4,DURATION_STATE_2,0.02,FITTED_CURVE,2 vs 0,,,,,,,,,,,,,,,71.43037974683544,4.1758696354119555
4,DURATION_STATE_2,0.02,FITTED_CURVE,2 vs 0,,,,,,,,,,,,,,,72.78481012658227,4.17894910611743
4,DURATION_STATE_2,0.02,FITTED_CURVE,2 vs 0,,,,,,,,,,,,,,,74.1392405063291,4.181229619050844
4,DURATION_STATE_2,0.02,FITTED_CURVE,2 vs 0,,,,,,,,,,,,,,,75.49367088607595,4.182729639873247
4,DURATION_STATE_2,0.02,FITTED_CURVE,2 vs 0,,,,,,,,,,,,,,,76.84810126582278,4.183467413483838
4,DURATION_STATE_2,0.02,FITTED_CURVE,2 vs 0,,,,,,,,,,,,,,,78.20253164556961,4.183460927099941
4,DURATION_STATE_2,0.02,FITTED_CURVE,2 vs 0,,,,,,,,,,,,,,,79.55696202531645,4.182727880655257
4,DURATION_STATE_2,0.02,FITTED_CURVE,2 vs 0,,,,,,,,,,,,,,,80.91139240506328,4.181285663393245
4,DURATION_STATE_2,0.02,FITTED_CURVE,2 vs 0,,,,,,,,,,,,,,,82.26582278481013,4.179151335703223
4,DURATION_STATE_2,0.02,FITTED_CURVE,2 vs 0,,,,,,,,,,,,,,,83.62025316455696,4.176341615390433
4,DURATION_STATE_2,0.02,FITTED_CURVE,2 vs 0,,,,,,,,,,,,,,,84.97468354430379,4.1728728676924405
4,DURATION_STATE_2,0.02,FITTED_CURVE,2 vs 0,,,,,,,,,,,,,,,86.32911392405063,4.168761098456553
4,DURATION_STATE_2,0.02,FITTED_CURVE,2 vs 0,,,,,,,,,,,,,,,87.68354430379746,4.164021949979604
4,DURATION_STATE_2,0.02,FITTED_CURVE,2 vs 0,,,,,,,,,,,,,,,89.03797468354429,4.158670699084829
4,DURATION_STATE_2,0.02,FITTED_CURVE,2 vs 0,,,,,,,,,,,,,,,90.39240506329114,4.152722257073009
4,DURATION_STATE_2,0.02,FITTED_CURVE,2 vs 0,,,,,,,,,,,,,,,91.74683544303797,4.146191171238041
4,DURATION_STATE_2,0.02,FITTED_CURVE,2 vs 0,,,,,,,,,,,,,,,93.1012658227848,4.139091627682341
4,DURATION_STATE_2,0.02,FITTED_CURVE,2 vs 0,,,,,,,,,,,,,,,94.45569620253164,4.131437455206031
4,DURATION_STATE_2,0.02,FITTED_CURVE,2 vs 0,,,,,,,,,,,,,,,95.81012658227847,4.123242130076765
4,DURATION_STATE_2,0.02,FITTED_CURVE,2 vs 0,,,,,,,,,,,,,,,97.16455696202532,4.114518781515251
4,DURATION_STATE_2,0.02,FITTED_CURVE,2 vs 0,,,,,,,,,,,,,,,98.51898734177215,4.105280197755595
4,DURATION_STATE_2,0.02,FITTED_CURVE,2 vs 0,,,,,,,,,,,,,,,99.87341772151898,4.0955388325602655
4,DURATION_STATE_2,0.02,FITTED_CURVE,2 vs 0,,,,,,,,,,,,,,,101.22784810126582,4.085306812087193
4,DURATION_STATE_2,0.02,FITTED_CURVE,2 vs 0,,,,,,,,,,,,,,,102.58227848101265,4.0745959420217135
4,DURATION_STATE_2,0.02,FITTED_CURVE,2 vs 0,,,,,,,,,,,,,,,103.93670886075948,4.063417714899132
4,DURATION_STATE_2,0.02,FITTED_CURVE,2 vs 0,,,,,,,,,,,,,,,105.29113924050633,4.051783317554919
4,DURATION_STATE_2,0.02,FITTED_CURVE,2 vs 0,,,,,,,,,,,,,,,106.64556962025316,4.039703638649173
4,DURATION_STATE_2,0.02,FITTED_CURVE,2 vs 0,,,,,,,,,,,,,,,108.0,4.027189276220312
4,DURATION_STATE_2,0.02,OBSERVED_BIN,2 vs 1,0.0,1.0,1.0,2.0,104.0,92.0,0.0,5.220355825078324,3.589809882289317,12.143499343303981,12.0,0.0,92.0,0.0,,
4,DURATION_STATE_2,0.02,OBSERVED_BIN,2 vs 1,1.0,3.0,3.0,4.0,75.0,64.0,0.0,4.859812404361672,3.2221338903081174,11.781781523408169,10.0,0.0,64.0,1.0,,
4,DURATION_STATE_2,0.02,OBSERVED_BIN,2 vs 1,2.0,5.0,6.0,7.0,82.0,74.0,0.0,5.003946305945459,3.3694334710042773,11.92643618967387,7.0,0.0,74.0,1.0,,
4,DURATION_STATE_2,0.02,OBSERVED_BIN,2 vs 1,3.0,8.0,9.0,11.0,83.0,78.0,0.0,5.056245805348308,3.4227724128458954,11.978906845580969,5.0,0.0,78.0,0.0,,
4,DURATION_STATE_2,0.02,OBSERVED_BIN,2 vs 1,4.0,12.0,14.0,16.0,75.0,69.0,1.0,3.835861644462582,2.669133314533929,6.470704951847791,4.0,1.0,69.0,1.0,,
4,DURATION_STATE_2,0.02,OBSERVED_BIN,2 vs 1,5.0,17.0,20.0,23.0,80.0,78.0,0.0,5.056245805348308,3.4227724128458954,11.978906845580969,2.0,0.0,78.0,0.0,,
4,DURATION_STATE_2,0.02,OBSERVED_BIN,2 vs 1,6.0,24.0,28.0,32.0,79.0,77.0,0.0,5.043425116919247,3.409701967952571,11.966045024355324,2.0,0.0,77.0,0.0,,
4,DURATION_STATE_2,0.02,OBSERVED_BIN,2 vs 1,7.0,33.0,38.0,43.0,84.0,82.0,0.0,5.10594547390058,3.473410305642652,12.028761073933097,1.0,0.0,82.0,1.0,,
4,DURATION_STATE_2,0.02,OBSERVED_BIN,2 vs 1,8.0,44.0,52.0,65.0,81.0,78.0,0.0,5.056245805348308,3.4227724128458954,11.978906845580969,3.0,0.0,78.0,0.0,,
4,DURATION_STATE_2,0.02,OBSERVED_BIN,2 vs 1,9.0,66.0,79.0,108.0,82.0,79.0,1.0,3.970291913552122,2.807365665702273,6.6047839097261525,2.0,1.0,79.0,0.0,,
4,DURATION_STATE_2,0.02,FITTED_CURVE,2 vs 1,,,,,,,,,,,,,,,1.0,2.5676299286144975
4,DURATION_STATE_2,0.02,FITTED_CURVE,2 vs 1,,,,,,,,,,,,,,,2.3544303797468356,3.24646673184884
4,DURATION_STATE_2,0.02,FITTED_CURVE,2 vs 1,,,,,,,,,,,,,,,3.7088607594936707,3.667239367694302
4,DURATION_STATE_2,0.02,FITTED_CURVE,2 vs 1,,,,,,,,,,,,,,,5.063291139240506,3.967573102483648
4,DURATION_STATE_2,0.02,FITTED_CURVE,2 vs 1,,,,,,,,,,,,,,,6.417721518987341,4.198721119602873
4,DURATION_STATE_2,0.02,FITTED_CURVE,2 vs 1,,,,,,,,,,,,,,,7.772151898734177,4.385479630468888
4,DURATION_STATE_2,0.02,FITTED_CURVE,2 vs 1,,,,,,,,,,,,,,,9.126582278481012,4.5416237688712044
4,DURATION_STATE_2,0.02,FITTED_CURVE,2 vs 1,,,,,,,,,,,,,,,10.481012658227847,4.67545932578578
4,DURATION_STATE_2,0.02,FITTED_CURVE,2 vs 1,,,,,,,,,,,,,,,11.835443037974683,4.792361020771412
4,DURATION_STATE_2,0.02,FITTED_CURVE,2 vs 1,,,,,,,,,,,,,,,13.189873417721518,4.895997428734141
4,DURATION_STATE_2,0.02,FITTED_CURVE,2 vs 1,,,,,,,,,,,,,,,14.544303797468354,4.9889788943444
4,DURATION_STATE_2,0.02,FITTED_CURVE,2 vs 1,,,,,,,,,,,,,,,15.89873417721519,5.073225798509807
4,DURATION_STATE_2,0.02,FITTED_CURVE,2 vs 1,,,,,,,,,,,,,,,17.253164556962023,5.150192215781454
4,DURATION_STATE_2,0.02,FITTED_CURVE,2 vs 1,,,,,,,,,,,,,,,18.60759493670886,5.221007357946324
4,DURATION_STATE_2,0.02,FITTED_CURVE,2 vs 1,,,,,,,,,,,,,,,19.962025316455694,5.286561423644058
4,DURATION_STATE_2,0.02,FITTED_CURVE,2 vs 1,,,,,,,,,,,,,,,21.31645569620253,5.347567426167819
4,DURATION_STATE_2,0.02,FITTED_CURVE,2 vs 1,,,,,,,,,,,,,,,22.670886075949365,5.404604865757199
4,DURATION_STATE_2,0.02,FITTED_CURVE,2 vs 1,,,,,,,,,,,,,,,24.0253164556962,5.458150803079152
4,DURATION_STATE_2,0.02,FITTED_CURVE,2 vs 1,,,,,,,,,,,,,,,25.379746835443036,5.508602441220748
4,DURATION_STATE_2,0.02,FITTED_CURVE,2 vs 1,,,,,,,,,,,,,,,26.73417721518987,5.556293845889923
4,DURATION_STATE_2,0.02,FITTED_CURVE,2 vs 1,,,,,,,,,,,,,,,28.088607594936708,5.601508532574641
4,DURATION_STATE_2,0.02,FITTED_CURVE,2 vs 1,,,,,,,,,,,,,,,29.44303797468354,5.644489084083364
4,DURATION_STATE_2,0.02,FITTED_CURVE,2 vs 1,,,,,,,,,,,,,,,30.79746835443038,5.685444597992199
4,DURATION_STATE_2,0.02,FITTED_CURVE,2 vs 1,,,,,,,,,,,,,,,32.15189873417721,5.724556523878237
4,DURATION_STATE_2,0.02,FITTED_CURVE,2 vs 1,,,,,,,,,,,,,,,33.506329113924046,5.761983289123515
4,DURATION_STATE_2,0.02,FITTED_CURVE,2 vs 1,,,,,,,,,,,,,,,34.860759493670884,5.797864001749517
4,DURATION_STATE_2,0.02,FITTED_CURVE,2 vs 1,,,,,,,,,,,,,,,36.21518987341772,5.832321441898756
4,DURATION_STATE_2,0.02,FITTED_CURVE,2 vs 1,,,,,,,,,,,,,,,37.56962025316455,5.865464499223017
4,DURATION_STATE_2,0.02,FITTED_CURVE,2 vs 1,,,,,,,,,,,,,,,38.92405063291139,5.897390174438401
4,DURATION_STATE_2,0.02,FITTED_CURVE,2 vs 1,,,,,,,,,,,,,,,40.278481012658226,5.928185234958532
4,DURATION_STATE_2,0.02,FITTED_CURVE,2 vs 1,,,,,,,,,,,,,,,41.63291139240506,5.957927593660658
4,DURATION_STATE_2,0.02,FITTED_CURVE,2 vs 1,,,,,,,,,,,,,,,42.98734177215189,5.986664525596879
4,DURATION_STATE_2,0.02,FITTED_CURVE,2 vs 1,,,,,,,,,,,,,,,44.34177215189873,6.014349226506337
4,DURATION_STATE_2,0.02,FITTED_CURVE,2 vs 1,,,,,,,,,,,,,,,45.69620253164557,6.040925584171929
4,DURATION_STATE_2,0.02,FITTED_CURVE,2 vs 1,,,,,,,,,,,,,,,47.0506329113924,6.066352383417909
4,DURATION_STATE_2,0.02,FITTED_CURVE,2 vs 1,,,,,,,,,,,,,,,48.405063291139236,6.090600634532814
4,DURATION_STATE_2,0.02,FITTED_CURVE,2 vs 1,,,,,,,,,,,,,,,49.75949367088607,6.11365138601487
4,DURATION_STATE_2,0.02,FITTED_CURVE,2 vs 1,,,,,,,,,,,,,,,51.11392405063291,6.1354939276546405
4,DURATION_STATE_2,0.02,FITTED_CURVE,2 vs 1,,,,,,,,,,,,,,,52.46835443037974,6.156124309646316
4,DURATION_STATE_2,0.02,FITTED_CURVE,2 vs 1,,,,,,,,,,,,,,,53.82278481012658,6.175544118693201
4,DURATION_STATE_2,0.02,FITTED_CURVE,2 vs 1,,,,,,,,,,,,,,,55.177215189873415,6.193759463960951
4,DURATION_STATE_2,0.02,FITTED_CURVE,2 vs 1,,,,,,,,,,,,,,,56.531645569620245,6.210780135039648
4,DURATION_STATE_2,0.02,FITTED_CURVE,2 vs 1,,,,,,,,,,,,,,,57.88607594936708,6.226618901404194
4,DURATION_STATE_2,0.02,FITTED_CURVE,2 vs 1,,,,,,,,,,,,,,,59.24050632911392,6.241290928663051
4,DURATION_STATE_2,0.02,FITTED_CURVE,2 vs 1,,,,,,,,,,,,,,,60.59493670886076,6.25481329150015
4,DURATION_STATE_2,0.02,FITTED_CURVE,2 vs 1,,,,,,,,,,,,,,,61.94936708860759,6.267204566903442
4,DURATION_STATE_2,0.02,FITTED_CURVE,2 vs 1,,,,,,,,,,,,,,,63.303797468354425,6.278484494235442
4,DURATION_STATE_2,0.02,FITTED_CURVE,2 vs 1,,,,,,,,,,,,,,,64.65822784810126,6.288673691089834
4,DURATION_STATE_2,0.02,FITTED_CURVE,2 vs 1,,,,,,,,,,,,,,,66.01265822784809,6.297793415812261
4,DURATION_STATE_2,0.02,FITTED_CURVE,2 vs 1,,,,,,,,,,,,,,,67.36708860759494,6.305865369135735
4,DURATION_STATE_2,0.02,FITTED_CURVE,2 vs 1,,,,,,,,,,,,,,,68.72151898734177,6.312911528663905
4,DURATION_STATE_2,0.02,FITTED_CURVE,2 vs 1,,,,,,,,,,,,,,,70.0759493670886,6.318954010985774
4,DURATION_STATE_2,0.02,FITTED_CURVE,2 vs 1,,,,,,,,,,,,,,,71.43037974683544,6.3240149570684245
4,DURATION_STATE_2,0.02,FITTED_CURVE,2 vs 1,,,,,,,,,,,,,,,72.78481012658227,6.328116437285425
4,DURATION_STATE_2,0.02,FITTED_CURVE,2 vs 1,,,,,,,,,,,,,,,74.1392405063291,6.331280373026584
4,DURATION_STATE_2,0.02,FITTED_CURVE,2 vs 1,,,,,,,,,,,,,,,75.49367088607595,6.333528472322136
4,DURATION_STATE_2,0.02,FITTED_CURVE,2 vs 1,,,,,,,,,,,,,,,76.84810126582278,6.334882177319722
4,DURATION_STATE_2,0.02,FITTED_CURVE,2 vs 1,,,,,,,,,,,,,,,78.20253164556961,6.335362621790292
4,DURATION_STATE_2,0.02,FITTED_CURVE,2 vs 1,,,,,,,,,,,,,,,79.55696202531645,6.334990597121448
4,DURATION_STATE_2,0.02,FITTED_CURVE,2 vs 1,,,,,,,,,,,,,,,80.91139240506328,6.333786525493103
4,DURATION_STATE_2,0.02,FITTED_CURVE,2 vs 1,,,,,,,,,,,,,,,82.26582278481013,6.331770439128994
4,DURATION_STATE_2,0.02,FITTED_CURVE,2 vs 1,,,,,,,,,,,,,,,83.62025316455696,6.328961964684522
4,DURATION_STATE_2,0.02,FITTED_CURVE,2 vs 1,,,,,,,,,,,,,,,84.97468354430379,6.325380311972337
4,DURATION_STATE_2,0.02,FITTED_CURVE,2 vs 1,,,,,,,,,,,,,,,86.32911392405063,6.321044266345975
4,DURATION_STATE_2,0.02,FITTED_CURVE,2 vs 1,,,,,,,,,,,,,,,87.68354430379746,6.315972184162644
4,DURATION_STATE_2,0.02,FITTED_CURVE,2 vs 1,,,,,,,,,,,,,,,89.03797468354429,6.310181990831521
4,DURATION_STATE_2,0.02,FITTED_CURVE,2 vs 1,,,,,,,,,,,,,,,90.39240506329114,6.303691181026522
4,DURATION_STATE_2,0.02,FITTED_CURVE,2 vs 1,,,,,,,,,,,,,,,91.74683544303797,6.296516820704078
4,DURATION_STATE_2,0.02,FITTED_CURVE,2 vs 1,,,,,,,,,,,,,,,93.1012658227848,6.288675550619037
4,DURATION_STATE_2,0.02,FITTED_CURVE,2 vs 1,,,,,,,,,,,,,,,94.45569620253164,6.280183591076573
4,DURATION_STATE_2,0.02,FITTED_CURVE,2 vs 1,,,,,,,,,,,,,,,95.81012658227847,6.27105674769622
4,DURATION_STATE_2,0.02,FITTED_CURVE,2 vs 1,,,,,,,,,,,,,,,97.16455696202532,6.2613104179969135
4,DURATION_STATE_2,0.02,FITTED_CURVE,2 vs 1,,,,,,,,,,,,,,,98.51898734177215,6.25095959863984
4,DURATION_STATE_2,0.02,FITTED_CURVE,2 vs 1,,,,,,,,,,,,,,,99.87341772151898,6.240018893189951
4,DURATION_STATE_2,0.02,FITTED_CURVE,2 vs 1,,,,,,,,,,,,,,,101.22784810126582,6.228502520277508
4,DURATION_STATE_2,0.02,FITTED_CURVE,2 vs 1,,,,,,,,,,,,,,,102.58227848101265,6.216424322058714
4,DURATION_STATE_2,0.02,FITTED_CURVE,2 vs 1,,,,,,,,,,,,,,,103.93670886075948,6.203797772889594
4,DURATION_STATE_2,0.02,FITTED_CURVE,2 vs 1,,,,,,,,,,,,,,,105.29113924050633,6.190635988140392
4,DURATION_STATE_2,0.02,FITTED_CURVE,2 vs 1,,,,,,,,,,,,,,,106.64556962025316,6.176951733088831
4,DURATION_STATE_2,0.02,FITTED_CURVE,2 vs 1,,,,,,,,,,,,,,,108.0,6.16275743184032
4,DURATION_STATE_2,0.02,OBSERVED_BIN,2 vs 3,0.0,1.0,1.0,2.0,104.0,92.0,0.0,5.220355825078324,3.589809882289317,12.143499343303981,12.0,0.0,92.0,0.0,,
4,DURATION_STATE_2,0.02,OBSERVED_BIN,2 vs 3,1.0,3.0,3.0,4.0,75.0,64.0,1.0,3.7612001156935624,2.5921269942005183,6.39625969562961,10.0,0.0,64.0,1.0,,
4,DURATION_STATE_2,0.02,OBSERVED_BIN,2 vs 3,2.0,5.0,6.0,7.0,82.0,74.0,1.0,3.905334017277349,2.7406347268518063,6.539989938398759,7.0,0.0,74.0,1.0,,
4,DURATION_STATE_2,0.02,OBSERVED_BIN,2 vs 3,3.0,8.0,9.0,11.0,83.0,78.0,0.0,5.056245805348308,3.4227724128458954,11.978906845580969,5.0,0.0,78.0,0.0,,
4,DURATION_STATE_2,0.02,OBSERVED_BIN,2 vs 3,4.0,12.0,14.0,16.0,75.0,69.0,1.0,3.835861644462582,2.669133314533929,6.470704951847791,4.0,1.0,69.0,1.0,,
4,DURATION_STATE_2,0.02,OBSERVED_BIN,2 vs 3,5.0,17.0,20.0,23.0,80.0,78.0,0.0,5.056245805348308,3.4227724128458954,11.978906845580969,2.0,0.0,78.0,0.0,,
4,DURATION_STATE_2,0.02,OBSERVED_BIN,2 vs 3,6.0,24.0,28.0,32.0,79.0,77.0,0.0,5.043425116919247,3.409701967952571,11.966045024355324,2.0,0.0,77.0,0.0,,
4,DURATION_STATE_2,0.02,OBSERVED_BIN,2 vs 3,7.0,33.0,38.0,43.0,84.0,82.0,1.0,4.007333185232471,2.8453673032808164,6.641736321271555,1.0,0.0,82.0,1.0,,
4,DURATION_STATE_2,0.02,OBSERVED_BIN,2 vs 3,8.0,44.0,52.0,65.0,81.0,78.0,0.0,5.056245805348308,3.4227724128458954,11.978906845580969,3.0,0.0,78.0,0.0,,
4,DURATION_STATE_2,0.02,OBSERVED_BIN,2 vs 3,9.0,66.0,79.0,108.0,82.0,79.0,0.0,5.0689042022202315,3.435674255582247,11.991605340493654,2.0,1.0,79.0,0.0,,
4,DURATION_STATE_2,0.02,FITTED_CURVE,2 vs 3,,,,,,,,,,,,,,,1.0,3.069015543322351
4,DURATION_STATE_2,0.02,FITTED_CURVE,2 vs 3,,,,,,,,,,,,,,,2.3544303797468356,3.6214783654009883
4,DURATION_STATE_2,0.02,FITTED_CURVE,2 vs 3,,,,,,,,,,,,,,,3.7088607594936707,3.962960420366165
4,DURATION_STATE_2,0.02,FITTED_CURVE,2 vs 3,,,,,,,,,,,,,,,5.063291139240506,4.206377492223284
4,DURATION_STATE_2,0.02,FITTED_CURVE,2 vs 3,,,,,,,,,,,,,,,6.417721518987341,4.393605921716734
4,DURATION_STATE_2,0.02,FITTED_CURVE,2 vs 3,,,,,,,,,,,,,,,7.772151898734177,4.544832172343236
4,DURATION_STATE_2,0.02,FITTED_CURVE,2 vs 3,,,,,,,,,,,,,,,9.126582278481012,4.671245434002864
4,DURATION_STATE_2,0.02,FITTED_CURVE,2 vs 3,,,,,,,,,,,,,,,10.481012658227847,4.779587227256883
4,DURATION_STATE_2,0.02,FITTED_CURVE,2 vs 3,,,,,,,,,,,,,,,11.835443037974683,4.87421741848639
4,DURATION_STATE_2,0.02,FITTED_CURVE,2 vs 3,,,,,,,,,,,,,,,13.189873417721518,4.958110379083086
4,DURATION_STATE_2,0.02,FITTED_CURVE,2 vs 3,,,,,,,,,,,,,,,14.544303797468354,5.033381579908312
4,DURATION_STATE_2,0.02,FITTED_CURVE,2 vs 3,,,,,,,,,,,,,,,15.89873417721519,5.101586744850921
4,DURATION_STATE_2,0.02,FITTED_CURVE,2 vs 3,,,,,,,,,,,,,,,17.253164556962023,5.163903250978871
4,DURATION_STATE_2,0.02,FITTED_CURVE,2 vs 3,,,,,,,,,,,,,,,18.60759493670886,5.221244755156702
4,DURATION_STATE_2,0.02,FITTED_CURVE,2 vs 3,,,,,,,,,,,,,,,19.962025316455694,5.274331384346601
4,DURATION_STATE_2,0.02,FITTED_CURVE,2 vs 3,,,,,,,,,,,,,,,21.31645569620253,5.323739886393065
4,DURATION_STATE_2,0.02,FITTED_CURVE,2 vs 3,,,,,,,,,,,,,,,22.670886075949365,5.369938980112678
4,DURATION_STATE_2,0.02,FITTED_CURVE,2 vs 3,,,,,,,,,,,,,,,24.0253164556962,5.413314504799516
4,DURATION_STATE_2,0.02,FITTED_CURVE,2 vs 3,,,,,,,,,,,,,,,25.379746835443036,5.454187695366909
4,DURATION_STATE_2,0.02,FITTED_CURVE,2 vs 3,,,,,,,,,,,,,,,26.73417721518987,5.49282871249058
4,DURATION_STATE_2,0.02,FITTED_CURVE,2 vs 3,,,,,,,,,,,,,,,28.088607594936708,5.529466827446376
4,DURATION_STATE_2,0.02,FITTED_CURVE,2 vs 3,,,,,,,,,,,,,,,29.44303797468354,5.564298203526485
4,DURATION_STATE_2,0.02,FITTED_CURVE,2 vs 3,,,,,,,,,,,,,,,30.79746835443038,5.5974919212572365
4,DURATION_STATE_2,0.02,FITTED_CURVE,2 vs 3,,,,,,,,,,,,,,,32.15189873417721,5.629194700609122
4,DURATION_STATE_2,0.02,FITTED_CURVE,2 vs 3,,,,,,,,,,,,,,,33.506329113924046,5.6595346429677384
4,DURATION_STATE_2,0.02,FITTED_CURVE,2 vs 3,,,,,,,,,,,,,,,34.860759493670884,5.68862422632305
4,DURATION_STATE_2,0.02,FITTED_CURVE,2 vs 3,,,,,,,,,,,,,,,36.21518987341772,5.7165627249317055
4,DURATION_STATE_2,0.02,FITTED_CURVE,2 vs 3,,,,,,,,,,,,,,,37.56962025316455,5.743438180709742
4,DURATION_STATE_2,0.02,FITTED_CURVE,2 vs 3,,,,,,,,,,,,,,,38.92405063291139,5.769329022048217
4,DURATION_STATE_2,0.02,FITTED_CURVE,2 vs 3,,,,,,,,,,,,,,,40.278481012658226,5.794305402801283
4,DURATION_STATE_2,0.02,FITTED_CURVE,2 vs 3,,,,,,,,,,,,,,,41.63291139240506,5.818430317317634
4,DURATION_STATE_2,0.02,FITTED_CURVE,2 vs 3,,,,,,,,,,,,,,,42.98734177215189,5.841741913110981
4,DURATION_STATE_2,0.02,FITTED_CURVE,2 vs 3,,,,,,,,,,,,,,,44.34177215189873,5.864201985833084
4,DURATION_STATE_2,0.02,FITTED_CURVE,2 vs 3,,,,,,,,,,,,,,,45.69620253164557,5.885764794275858
4,DURATION_STATE_2,0.02,FITTED_CURVE,2 vs 3,,,,,,,,,,,,,,,47.0506329113924,5.9063967078122985
4,DURATION_STATE_2,0.02,FITTED_CURVE,2 vs 3,,,,,,,,,,,,,,,48.405063291139236,5.926074035672229
4,DURATION_STATE_2,0.02,FITTED_CURVE,2 vs 3,,,,,,,,,,,,,,,49.75949367088607,5.944781249652619
4,DURATION_STATE_2,0.02,FITTED_CURVE,2 vs 3,,,,,,,,,,,,,,,51.11392405063291,5.962509523924376
4,DURATION_STATE_2,0.02,FITTED_CURVE,2 vs 3,,,,,,,,,,,,,,,52.46835443037974,5.979255531578187
4,DURATION_STATE_2,0.02,FITTED_CURVE,2 vs 3,,,,,,,,,,,,,,,53.82278481012658,5.995020449957453
4,DURATION_STATE_2,0.02,FITTED_CURVE,2 vs 3,,,,,,,,,,,,,,,55.177215189873415,6.009809136481631
4,DURATION_STATE_2,0.02,FITTED_CURVE,2 vs 3,,,,,,,,,,,,,,,56.531645569620245,6.023629444223052
4,DURATION_STATE_2,0.02,FITTED_CURVE,2 vs 3,,,,,,,,,,,,,,,57.88607594936708,6.036491652452488
4,DURATION_STATE_2,0.02,FITTED_CURVE,2 vs 3,,,,,,,,,,,,,,,59.24050632911392,6.048407992080347
4,DURATION_STATE_2,0.02,FITTED_CURVE,2 vs 3,,,,,,,,,,,,,,,60.59493670886076,6.059392249668575
4,DURATION_STATE_2,0.02,FITTED_CURVE,2 vs 3,,,,,,,,,,,,,,,61.94936708860759,6.069459436684677
4,DURATION_STATE_2,0.02,FITTED_CURVE,2 vs 3,,,,,,,,,,,,,,,63.303797468354425,6.078625513075139
4,DURATION_STATE_2,0.02,FITTED_CURVE,2 vs 3,,,,,,,,,,,,,,,64.65822784810126,6.0869071561758785
4,DURATION_STATE_2,0.02,FITTED_CURVE,2 vs 3,,,,,,,,,,,,,,,66.01265822784809,6.094321567548456
4,DURATION_STATE_2,0.02,FITTED_CURVE,2 vs 3,,,,,,,,,,,,,,,67.36708860759494,6.100886311608038
4,DURATION_STATE_2,0.02,FITTED_CURVE,2 vs 3,,,,,,,,,,,,,,,68.72151898734177,6.106619180951201
4,DURATION_STATE_2,0.02,FITTED_CURVE,2 vs 3,,,,,,,,,,,,,,,70.0759493670886,6.11153808414496
4,DURATION_STATE_2,0.02,FITTED_CURVE,2 vs 3,,,,,,,,,,,,,,,71.43037974683544,6.11566095243945
4,DURATION_STATE_2,0.02,FITTED_CURVE,2 vs 3,,,,,,,,,,,,,,,72.78481012658227,6.11900566244447
4,DURATION_STATE_2,0.02,FITTED_CURVE,2 vs 3,,,,,,,,,,,,,,,74.1392405063291,6.121589972287779
4,DURATION_STATE_2,0.02,FITTED_CURVE,2 vs 3,,,,,,,,,,,,,,,75.49367088607595,6.123431469169017
4,DURATION_STATE_2,0.02,FITTED_CURVE,2 vs 3,,,,,,,,,,,,,,,76.84810126582278,6.12454752655248
4,DURATION_STATE_2,0.02,FITTED_CURVE,2 vs 3,,,,,,,,,,,,,,,78.20253164556961,6.124955269516369
4,DURATION_STATE_2,0.02,FITTED_CURVE,2 vs 3,,,,,,,,,,,,,,,79.55696202531645,6.124671547005549
4,DURATION_STATE_2,0.02,FITTED_CURVE,2 vs 3,,,,,,,,,,,,,,,80.91139240506328,6.123712909927022
4,DURATION_STATE_2,0.02,FITTED_CURVE,2 vs 3,,,,,,,,,,,,,,,82.26582278481013,6.122095594188645
4,DURATION_STATE_2,0.02,FITTED_CURVE,2 vs 3,,,,,,,,,,,,,,,83.62025316455696,6.119835507917302
4,DURATION_STATE_2,0.02,FITTED_CURVE,2 vs 3,,,,,,,,,,,,,,,84.97468354430379,6.116948222207341
4,DURATION_STATE_2,0.02,FITTED_CURVE,2 vs 3,,,,,,,,,,,,,,,86.32911392405063,6.113448964846606
4,DURATION_STATE_2,0.02,FITTED_CURVE,2 vs 3,,,,,,,,,,,,,,,87.68354430379746,6.109352616549383
4,DURATION_STATE_2,0.02,FITTED_CURVE,2 vs 3,,,,,,,,,,,,,,,89.03797468354429,6.104673709294849
4,DURATION_STATE_2,0.02,FITTED_CURVE,2 vs 3,,,,,,,,,,,,,,,90.39240506329114,6.099426426428624
4,DURATION_STATE_2,0.02,FITTED_CURVE,2 vs 3,,,,,,,,,,,,,,,91.74683544303797,6.0936246042350675
4,DURATION_STATE_2,0.02,FITTED_CURVE,2 vs 3,,,,,,,,,,,,,,,93.1012658227848,6.087281734730718
4,DURATION_STATE_2,0.02,FITTED_CURVE,2 vs 3,,,,,,,,,,,,,,,94.45569620253164,6.080410969465633
4,DURATION_STATE_2,0.02,FITTED_CURVE,2 vs 3,,,,,,,,,,,,,,,95.81012658227847,6.073025124150531
4,DURATION_STATE_2,0.02,FITTED_CURVE,2 vs 3,,,,,,,,,,,,,,,97.16455696202532,6.065136683954178
4,DURATION_STATE_2,0.02,FITTED_CURVE,2 vs 3,,,,,,,,,,,,,,,98.51898734177215,6.056757809338271
4,DURATION_STATE_2,0.02,FITTED_CURVE,2 vs 3,,,,,,,,,,,,,,,99.87341772151898,6.047900342316528
4,DURATION_STATE_2,0.02,FITTED_CURVE,2 vs 3,,,,,,,,,,,,,,,101.22784810126582,6.038575813041452
4,DURATION_STATE_2,0.02,FITTED_CURVE,2 vs 3,,,,,,,,,,,,,,,102.58227848101265,6.028795446636549
4,DURATION_STATE_2,0.02,FITTED_CURVE,2 vs 3,,,,,,,,,,,,,,,103.93670886075948,6.018570170204149
4,DURATION_STATE_2,0.02,FITTED_CURVE,2 vs 3,,,,,,,,,,,,,,,105.29113924050633,6.007910619949549
4,DURATION_STATE_2,0.02,FITTED_CURVE,2 vs 3,,,,,,,,,,,,,,,106.64556962025316,5.996827148371272
4,DURATION_STATE_2,0.02,FITTED_CURVE,2 vs 3,,,,,,,,,,,,,,,108.0,5.985329831475122
4,DURATION_STATE_3,0.02,OBSERVED_BIN,3 vs 0,0.0,1.0,1.0,2.0,12.0,9.0,0.0,2.9444389791664403,1.1658270171573688,9.843957753598815,0.0,2.0,1.0,9.0,,
4,DURATION_STATE_3,0.02,OBSERVED_BIN,3 vs 0,1.0,3.0,3.5,5.0,8.0,6.0,0.0,2.5649493574615367,0.7064266092916794,9.45233536188935,0.0,1.0,1.0,6.0,,
4,DURATION_STATE_3,0.02,OBSERVED_BIN,3 vs 0,2.0,6.0,8.0,11.0,9.0,8.0,0.0,2.833213344056216,1.0344760525610537,9.72963774318655,0.0,1.0,0.0,8.0,,
4,DURATION_STATE_3,0.02,OBSERVED_BIN,3 vs 0,3.0,12.0,16.5,21.0,10.0,9.0,0.0,2.9444389791664403,1.1658270171573688,9.843957753598815,0.0,1.0,0.0,9.0,,
4,DURATION_STATE_3,0.02,FITTED_CURVE,3 vs 0,,,,,,,,,,,,,,,1.0,-0.4907807644595263
4,DURATION_STATE_3,0.02,FITTED_CURVE,3 vs 0,,,,,,,,,,,,,,,2.0,0.32557438339427264
4,DURATION_STATE_3,0.02,FITTED_CURVE,3 vs 0,,,,,,,,,,,,,,,3.0,0.8874697485604158
4,DURATION_STATE_3,0.02,FITTED_CURVE,3 vs 0,,,,,,,,,,,,,,,4.0,1.3127903558611034
4,DURATION_STATE_3,0.02,FITTED_CURVE,3 vs 0,,,,,,,,,,,,,,,5.0,1.654073317565925
4,DURATION_STATE_3,0.02,FITTED_CURVE,3 vs 0,,,,,,,,,,,,,,,6.0,1.9386202211301768
4,DURATION_STATE_3,0.02,FITTED_CURVE,3 vs 0,,,,,,,,,,,,,,,7.0,2.1824558624575614
4,DURATION_STATE_3,0.02,FITTED_CURVE,3 vs 0,,,,,,,,,,,,,,,8.0,2.395756309900715
4,DURATION_STATE_3,0.02,FITTED_CURVE,3 vs 0,,,,,,,,,,,,,,,9.0,2.585333739939357
4,DURATION_STATE_3,0.02,FITTED_CURVE,3 vs 0,,,,,,,,,,,,,,,10.0,2.7559646705572445
4,DURATION_STATE_3,0.02,FITTED_CURVE,3 vs 0,,,,,,,,,,,,,,,11.0,2.9111183407201002
4,DURATION_STATE_3,0.02,FITTED_CURVE,3 vs 0,,,,,,,,,,,,,,,12.0,3.0508977985943297
4,DURATION_STATE_3,0.02,FITTED_CURVE,3 vs 0,,,,,,,,,,,,,,,13.0,3.1700437495815663
4,DURATION_STATE_3,0.02,FITTED_CURVE,3 vs 0,,,,,,,,,,,,,,,14.0,3.2650400273244795
4,DURATION_STATE_3,0.02,FITTED_CURVE,3 vs 0,,,,,,,,,,,,,,,15.0,3.3342749611769387
4,DURATION_STATE_3,0.02,FITTED_CURVE,3 vs 0,,,,,,,,,,,,,,,16.0,3.377314020607805
4,DURATION_STATE_3,0.02,FITTED_CURVE,3 vs 0,,,,,,,,,,,,,,,17.0,3.3944475571904467
4,DURATION_STATE_3,0.02,FITTED_CURVE,3 vs 0,,,,,,,,,,,,,,,18.0,3.3864049706703643
4,DURATION_STATE_3,0.02,FITTED_CURVE,3 vs 0,,,,,,,,,,,,,,,19.0,3.3541719156871275
4,DURATION_STATE_3,0.02,FITTED_CURVE,3 vs 0,,,,,,,,,,,,,,,20.0,3.2988725591477888
4,DURATION_STATE_3,0.02,FITTED_CURVE,3 vs 0,,,,,,,,,,,,,,,21.0,3.2216935743576744
4,DURATION_STATE_3,0.02,OBSERVED_BIN,3 vs 1,0.0,1.0,1.0,2.0,12.0,9.0,2.0,1.33500106673234,0.1312127675850197,3.182569890645956,0.0,2.0,1.0,9.0,,
4,DURATION_STATE_3,0.02,OBSERVED_BIN,3 vs 1,1.0,3.0,3.5,5.0,8.0,6.0,1.0,1.466337068793427,-0.003189849181070538,4.126909819132351,0.0,1.0,1.0,6.0,,
4,DURATION_STATE_3,0.02,OBSERVED_BIN,3 vs 1,2.0,6.0,8.0,11.0,9.0,8.0,1.0,1.7346010553881064,0.3455198017447548,4.388740080690594,0.0,1.0,0.0,8.0,,
4,DURATION_STATE_3,0.02,OBSERVED_BIN,3 vs 1,3.0,12.0,16.5,21.0,10.0,9.0,1.0,1.8458266904983307,0.48397142307781216,4.497726566684374,0.0,1.0,0.0,9.0,,
4,DURATION_STATE_3,0.02,FITTED_CURVE,3 vs 1,,,,,,,,,,,,,,,1.0,0.46288531389942716
4,DURATION_STATE_3,0.02,FITTED_CURVE,3 vs 1,,,,,,,,,,,,,,,2.0,0.9602553308234482
4,DURATION_STATE_3,0.02,FITTED_CURVE,3 vs 1,,,,,,,,,,,,,,,3.0,1.3037530390514152
4,DURATION_STATE_3,0.02,FITTED_CURVE,3 vs 1,,,,,,,,,,,,,,,4.0,1.5642879385253914
4,DURATION_STATE_3,0.02,FITTED_CURVE,3 vs 1,,,,,,,,,,,,,,,5.0,1.7735725532891684
4,DURATION_STATE_3,0.02,FITTED_CURVE,3 vs 1,,,,,,,,,,,,,,,6.0,1.9481575895603491
4,DURATION_STATE_3,0.02,FITTED_CURVE,3 vs 1,,,,,,,,,,,,,,,7.0,2.0978009627975513
4,DURATION_STATE_3,0.02,FITTED_CURVE,3 vs 1,,,,,,,,,,,,,,,8.0,2.228718702247907
4,DURATION_STATE_3,0.02,FITTED_CURVE,3 vs 1,,,,,,,,,,,,,,,9.0,2.345076957397087
4,DURATION_STATE_3,0.02,FITTED_CURVE,3 vs 1,,,,,,,,,,,,,,,10.0,2.449799734911838
4,DURATION_STATE_3,0.02,FITTED_CURVE,3 vs 1,,,,,,,,,,,,,,,11.0,2.5450125137219746
4,DURATION_STATE_3,0.02,FITTED_CURVE,3 vs 1,,,,,,,,,,,,,,,12.0,2.630773652295402
4,DURATION_STATE_3,0.02,FITTED_CURVE,3 vs 1,,,,,,,,,,,,,,,13.0,2.703845418198589
4,DURATION_STATE_3,0.02,FITTED_CURVE,3 vs 1,,,,,,,,,,,,,,,14.0,2.762063354972314
4,DURATION_STATE_3,0.02,FITTED_CURVE,3 vs 1,,,,,,,,,,,,,,,15.0,2.804435089102146
4,DURATION_STATE_3,0.02,FITTED_CURVE,3 vs 1,,,,,,,,,,,,,,,16.0,2.8306927115474014
4,DURATION_STATE_3,0.02,FITTED_CURVE,3 vs 1,,,,,,,,,,,,,,,17.0,2.8410144534023094
4,DURATION_STATE_3,0.02,FITTED_CURVE,3 vs 1,,,,,,,,,,,,,,,18.0,2.8358487788108055
4,DURATION_STATE_3,0.02,FITTED_CURVE,3 vs 1,,,,,,,,,,,,,,,19.0,2.8158018893454537
4,DURATION_STATE_3,0.02,FITTED_CURVE,3 vs 1,,,,,,,,,,,,,,,20.0,2.781565260956191
4,DURATION_STATE_3,0.02,FITTED_CURVE,3 vs 1,,,,,,,,,,,,,,,21.0,2.733868866163656
4,DURATION_STATE_3,0.02,OBSERVED_BIN,3 vs 2,0.0,1.0,1.0,2.0,12.0,9.0,1.0,1.8458266904983307,0.48397142307781216,4.497726566684374,0.0,2.0,1.0,9.0,,
4,DURATION_STATE_3,0.02,OBSERVED_BIN,3 vs 2,1.0,3.0,3.5,5.0,8.0,6.0,1.0,1.466337068793427,-0.003189849181070538,4.126909819132351,0.0,1.0,1.0,6.0,,
4,DURATION_STATE_3,0.02,OBSERVED_BIN,3 vs 2,2.0,6.0,8.0,11.0,9.0,8.0,0.0,2.833213344056216,1.0344760525610537,9.72963774318655,0.0,1.0,0.0,8.0,,
4,DURATION_STATE_3,0.02,OBSERVED_BIN,3 vs 2,3.0,12.0,16.5,21.0,10.0,9.0,0.0,2.9444389791664403,1.1658270171573688,9.843957753598815,0.0,1.0,0.0,9.0,,
4,DURATION_STATE_3,0.02,FITTED_CURVE,3 vs 2,,,,,,,,,,,,,,,1.0,-0.4419079754028801
4,DURATION_STATE_3,0.02,FITTED_CURVE,3 vs 2,,,,,,,,,,,,,,,2.0,0.29591239279114767
4,DURATION_STATE_3,0.02,FITTED_CURVE,3 vs 2,,,,,,,,,,,,,,,3.0,0.805289353450685
4,DURATION_STATE_3,0.02,FITTED_CURVE,3 vs 2,,,,,,,,,,,,,,,4.0,1.1918479487439901
4,DURATION_STATE_3,0.02,FITTED_CURVE,3 vs 2,,,,,,,,,,,,,,,5.0,1.5025808711489945
4,DURATION_STATE_3,0.02,FITTED_CURVE,3 vs 2,,,,,,,,,,,,,,,6.0,1.7619871834586933
4,DURATION_STATE_3,0.02,FITTED_CURVE,3 vs 2,,,,,,,,,,,,,,,7.0,1.984485454041926
4,DURATION_STATE_3,0.02,FITTED_CURVE,3 vs 2,,,,,,,,,,,,,,,8.0,2.1792519098556324
4,DURATION_STATE_3,0.02,FITTED_CURVE,3 vs 2,,,,,,,,,,,,,,,9.0,2.3524412263613526
4,DURATION_STATE_3,0.02,FITTED_CURVE,3 vs 2,,,,,,,,,,,,,,,10.0,2.508376065641925
4,DURATION_STATE_3,0.02,FITTED_CURVE,3 vs 2,,,,,,,,,,,,,,,11.0,2.6502005516599243
4,DURATION_STATE_3,0.02,FITTED_CURVE,3 vs 2,,,,,,,,,,,,,,,12.0,2.778000090335564
4,DURATION_STATE_3,0.02,FITTED_CURVE,3 vs 2,,,,,,,,,,,,,,,13.0,2.8869806645743834
4,DURATION_STATE_3,0.02,FITTED_CURVE,3 vs 2,,,,,,,,,,,,,,,14.0,2.9739381138044525
4,DURATION_STATE_3,0.02,FITTED_CURVE,3 vs 2,,,,,,,,,,,,,,,15.0,3.0374041372774916
4,DURATION_STATE_3,0.02,FITTED_CURVE,3 vs 2,,,,,,,,,,,,,,,16.0,3.076983320843017
4,DURATION_STATE_3,0.02,FITTED_CURVE,3 vs 2,,,,,,,,,,,,,,,17.0,3.092940913685738
4,DURATION_STATE_3,0.02,FITTED_CURVE,3 vs 2,,,,,,,,,,,,,,,18.0,3.085942299229307
4,DURATION_STATE_3,0.02,FITTED_CURVE,3 vs 2,,,,,,,,,,,,,,,19.0,3.056886386374374
4,DURATION_STATE_3,0.02,FITTED_CURVE,3 vs 2,,,,,,,,,,,,,,,20.0,3.006798293350363
4,DURATION_STATE_3,0.02,FITTED_CURVE,3 vs 2,,,,,,,,,,,,,,,21.0,2.936760073722444
