N_STATES,SEED,TRAIN_LOG_LIKELIHOOD,AIC,BIC,CONVERGED,ALL_STATES_USED,MIN_REGIME_COUNT,VALID_FOR_SELECTION,ERROR
2,864178257,-14964.010488086744,30042.020976173488,30369.68319753577,True,True,502,True,
2,1102145656,-14964.010487072708,30042.020974145416,30369.6831955077,True,True,502,True,
2,967196422,-14964.010482598635,30042.02096519727,30369.683186559552,True,True,502,True,
2,191664959,-14964.010485275756,30042.02097055151,30369.683191913795,True,True,502,True,
2,1671565830,-14964.01048373352,30042.02096746704,30369.683188829324,True,True,502,True,
2,2084558129,-14964.010485667488,30042.020971334976,30369.68319269726,True,True,502,True,
2,1382689800,-14964.010484626215,30042.02096925243,30369.683190614713,True,True,502,True,
2,1504361609,-14964.010486552668,30042.020973105336,30369.68319446762,True,True,502,True,
2,594336914,-14964.01048568214,30042.02097136428,30369.683192726563,True,True,502,True,
2,957106588,-14964.010485977444,30042.020971954888,30369.68319331717,True,True,502,True,
2,761338716,-14964.010486190422,30042.020972380844,30369.683193743127,True,True,502,True,
2,1455819990,-14964.010486259342,30042.020972518683,30369.683193880966,True,True,502,True,
2,929893118,-14964.010486444238,30042.020972888477,30369.68319425076,True,True,502,True,
2,145857092,-14964.010483776729,30042.020967553457,30369.68318891574,True,True,502,True,
2,1688060213,-14964.010483704089,30042.020967408178,30369.68318877046,True,True,502,True,
2,1130604976,-14964.010487034187,30042.020974068375,30369.683195430658,True,True,502,True,
2,1074497541,-14964.010482455004,30042.020964910007,30369.68318627229,True,True,502,True,
2,1627981018,-14964.010486396008,30042.020972792016,30369.6831941543,True,True,502,True,
2,432652525,-14964.010486247653,30042.020972495306,30369.68319385759,True,True,502,True,
2,1803345564,-14964.010487296293,30042.020974592586,30369.68319595487,True,True,502,True,
2,1190961752,-14964.010485991386,30042.020971982773,30369.683193345056,True,True,502,True,
2,1766867091,-14964.010485148623,30042.020970297246,30369.68319165953,True,True,502,True,
2,354826744,-14964.010483506265,30042.02096701253,30369.683188374813,True,True,502,True,
2,1497586409,-14964.010487863035,30042.02097572607,30369.683197088354,True,True,502,True,
2,1906728905,-14964.010483323927,30042.020966647855,30369.683188010138,True,True,502,True,
2,1917963000,-14964.010486180452,30042.020972360904,30369.683193723187,True,True,502,True,
2,942484251,-14964.01048389879,30042.02096779758,30369.683189159863,True,True,502,True,
2,197860367,-14964.010485495864,30042.02097099173,30369.683192354012,True,True,502,True,
2,1843824954,-14964.01048535047,30042.02097070094,30369.683192063225,True,True,502,True,
2,1990212633,-14964.010485508677,30042.020971017355,30369.683192379638,True,True,502,True,
2,1356488961,-14964.010485133056,30042.020970266112,30369.683191628395,True,True,502,True,
2,1405681601,-14964.010485807226,30042.020971614453,30369.683192976736,True,True,502,True,
2,1580016156,-14964.010483225313,30042.020966450626,30369.68318781291,True,True,502,True,
2,967354515,-14964.010486702862,30042.020973405724,30369.683194768008,True,True,502,True,
2,2095133008,-14964.010485401364,30042.02097080273,30369.683192165012,True,True,502,True,
2,1540770694,-14964.010483377746,30042.020966755492,30369.683188117775,True,True,502,True,
2,137046512,-14964.010485034554,30042.02097006911,30369.68319143139,True,True,502,True,
2,1634535035,-14964.010486175071,30042.020972350143,30369.683193712426,True,True,502,True,
2,952224731,-14964.010484527289,30042.020969054578,30369.68319041686,True,True,502,True,
2,1843166506,-14964.01048591209,30042.02097182418,30369.68319318646,True,True,502,True,
2,1171300101,-14964.010486334017,30042.020972668033,30369.683194030316,True,True,502,True,
2,487991434,-14964.010486201725,30042.02097240345,30369.683193765733,True,True,502,True,
2,184566850,-14964.010485434164,30042.02097086833,30369.683192230612,True,True,502,True,
2,1678403310,-14964.010486039768,30042.020972079536,30369.68319344182,True,True,502,True,
2,1662057920,-14964.010486058465,30042.02097211693,30369.683193479214,True,True,502,True,
2,392022354,-14964.010485900182,30042.020971800364,30369.683193162648,True,True,502,True,
2,796282682,-14964.010487996327,30042.020975992655,30369.683197354938,True,True,502,True,
2,275121926,-14964.010486522277,30042.020973044553,30369.683194406836,True,True,502,True,
2,202244310,-14964.010487395935,30042.02097479187,30369.683196154154,True,True,502,True,
2,1777324397,-14964.010488003598,30042.020976007196,30369.68319736948,True,True,502,True,
3,864178257,-14338.262709352106,28854.525418704212,29366.138360831286,True,True,220,True,
3,1102145656,-14338.239300181867,28854.478600363735,29366.09154249081,True,True,224,True,
3,967196422,-14338.23930353242,28854.47860706484,29366.091549191915,True,True,224,True,
3,191664959,-14338.262710631783,28854.525421263566,29366.13836339064,True,True,220,True,
3,1671565830,-14338.23930078186,28854.47860156372,29366.091543690793,True,True,224,True,
3,2084558129,-14338.262710054512,28854.525420109025,29366.1383622361,True,True,220,True,
3,1382689800,-14338.262710781471,28854.525421562943,29366.138363690017,True,True,220,True,
3,1504361609,-14338.262712466723,28854.525424933447,29366.13836706052,True,True,220,True,
3,594336914,-14338.262709685248,28854.525419370497,29366.13836149757,True,True,220,True,
3,957106588,-14338.262709224617,28854.525418449233,29366.138360576308,True,True,220,True,
3,761338716,-14338.262711515496,28854.52542303099,29366.138365158065,True,True,220,True,
3,1455819990,-14338.23930260782,28854.47860521564,29366.091547342716,True,True,224,True,
3,929893118,-14338.262712042178,28854.525424084357,29366.13836621143,True,True,220,True,
3,145857092,-14338.239300611911,28854.478601223822,29366.091543350896,True,True,224,True,
3,1688060213,-14338.239303657268,28854.478607314537,29366.09154944161,True,True,224,True,
3,1130604976,-14338.262710630104,28854.52542126021,29366.138363387283,True,True,220,True,
3,1074497541,-14338.239299786796,28854.47859957359,29366.091541700665,True,True,224,True,
3,1627981018,-14338.262712224196,28854.52542444839,29366.138366575466,True,True,220,True,
3,432652525,-14338.239301985765,28854.47860397153,29366.091546098603,True,True,224,True,
3,1803345564,-14338.262710616924,28854.525421233848,29366.138363360922,True,True,220,True,
3,1190961752,-14338.262710156656,28854.52542031331,29366.138362440386,True,True,220,True,
3,1766867091,-14338.239303967166,28854.478607934332,29366.091550061406,True,True,224,True,
3,354826744,-14338.2627092908,28854.5254185816,29366.138360708675,True,True,220,True,
3,1497586409,-14338.262731389808,28854.525462779617,29366.13840490669,True,True,220,True,
3,1906728905,-14338.239299634412,28854.478599268823,29366.091541395897,True,True,224,True,
3,1917963000,-14338.262708654154,28854.52541730831,29366.138359435383,True,True,220,True,
3,942484251,-14338.262709469886,28854.52541893977,29366.138361066845,True,True,220,True,
3,197860367,-14338.262712628515,28854.52542525703,29366.138367384105,True,True,220,True,
3,1843824954,-14338.239302600341,28854.478605200682,29366.091547327756,True,True,224,True,
3,1990212633,-14338.262709627636,28854.52541925527,29366.138361382345,True,True,220,True,
3,1356488961,-14338.239303752507,28854.478607505014,29366.09154963209,True,True,224,True,
3,1405681601,-14338.239301830803,28854.478603661606,29366.09154578868,True,True,224,True,
3,1580016156,-14338.262711938178,28854.525423876355,29366.13836600343,True,True,220,True,
3,967354515,-14338.239309549612,28854.478619099224,29366.091561226298,True,True,224,True,
3,2095133008,-14338.23930330464,28854.47860660928,29366.091548736353,True,True,224,True,
3,1540770694,-14338.26271184414,28854.52542368828,29366.138365815354,True,True,220,True,
3,137046512,-14338.239300167623,28854.478600335246,29366.09154246232,True,True,224,True,
3,1634535035,-14338.262710809415,28854.52542161883,29366.138363745904,True,True,220,True,
3,952224731,-14338.239302258768,28854.478604517535,29366.09154664461,True,True,224,True,
3,1843166506,-14338.26270895408,28854.52541790816,29366.138360035235,True,True,220,True,
3,1171300101,-14338.239301192625,28854.47860238525,29366.091544512325,True,True,224,True,
3,487991434,-14338.239303903107,28854.478607806213,29366.091549933288,True,True,224,True,
3,184566850,-14338.262711919817,28854.525423839634,29366.138365966708,True,True,220,True,
3,1678403310,-14338.23931022,28854.47862044,29366.091562567075,True,True,224,True,
3,1662057920,-14338.23930300146,28854.47860600292,29366.091548129993,True,True,224,True,
3,392022354,-14338.262709292836,28854.525418585672,29366.138360712746,True,True,220,True,
3,796282682,-14338.262709134953,28854.525418269906,29366.13836039698,True,True,220,True,
3,275121926,-14338.262712679096,28854.52542535819,29366.138367485266,True,True,220,True,
3,202244310,-14338.239301268668,28854.478602537336,29366.09154466441,True,True,224,True,
3,1777324397,-14338.2393005207,28854.4786010414,29366.091543168473,True,True,224,True,
4,864178257,-14159.871805667732,28565.743611335463,29272.804194275126,True,True,227,True,
4,1102145656,-13991.550746203793,28229.101492407586,28936.16207534725,True,True,258,True,
4,967196422,-14154.23126255617,28554.46252511234,29261.523108052002,True,True,234,True,
4,191664959,-13991.711020402963,28229.422040805926,28936.48262374559,True,True,258,True,
4,1671565830,-13991.711019358874,28229.42203871775,28936.48262165741,True,True,258,True,
4,2084558129,-14222.665734822447,28691.331469644894,29398.392052584557,True,True,82,True,
4,1382689800,-14154.231270107715,28554.46254021543,29261.523123155093,True,True,229,True,
4,1504361609,-13993.018247144764,28232.03649428953,28939.09707722919,True,True,279,True,
4,594336914,-13991.711019250914,28229.422038501827,28936.48262144149,True,True,258,True,
4,957106588,-14002.425360031912,28250.850720063823,28957.911303003486,True,True,278,True,
4,761338716,-13991.711020598274,28229.422041196547,28936.48262413621,True,True,258,True,
4,1455819990,-14154.231262111882,28554.462524223763,29261.523107163426,True,True,234,True,
4,929893118,-13998.960913232726,28243.921826465452,28950.982409405115,True,True,280,True,
4,145857092,-13991.711018870035,28229.42203774007,28936.482620679733,True,True,258,True,
4,1688060213,-13996.000674086197,28238.001348172395,28945.061931112057,True,True,253,True,
4,1130604976,-13991.711019961938,28229.422039923877,28936.48262286354,True,True,258,True,
4,1074497541,-13991.711020409522,28229.422040819045,28936.482623758708,True,True,258,True,
4,1627981018,-14154.231261370425,28554.46252274085,29261.523105680513,True,True,234,True,
4,432652525,-14154.231271734965,28554.46254346993,29261.523126409593,True,True,229,True,
4,1803345564,-14153.963116497192,28553.926232994385,29260.986815934048,True,True,239,True,
4,1190961752,-13998.96091389704,28243.92182779408,28950.982410733744,True,True,280,True,
4,1766867091,-13991.55074707382,28229.10149414764,28936.1620770873,True,True,258,True,
4,354826744,-13991.711019566575,28229.42203913315,28936.482622072814,True,True,258,True,
4,1497586409,-13991.550745108903,28229.101490217807,28936.16207315747,True,True,258,True,
4,1906728905,-14153.963116331739,28553.926232663478,29260.98681560314,True,True,239,True,
4,1917963000,-13991.711018901144,28229.422037802287,28936.48262074195,True,True,258,True,
4,942484251,-13991.711019436127,28229.422038872253,28936.482621811916,True,True,258,True,
4,197860367,-14154.23126173968,28554.46252347936,29261.523106419023,True,True,234,True,
4,1843824954,-13991.550747644877,28229.101495289753,28936.162078229416,True,True,258,True,
4,1990212633,-14154.231261112944,28554.462522225887,29261.52310516555,True,True,234,True,
4,1356488961,-13991.550745025945,28229.10149005189,28936.162072991552,True,True,258,True,
4,1405681601,-13996.000671550697,28238.001343101394,28945.061926041057,True,True,253,True,
4,1580016156,-14000.767685398601,28247.535370797203,28954.595953736865,True,True,276,True,
4,967354515,-13991.711020446513,28229.422040893027,28936.48262383269,True,True,258,True,
4,2095133008,-13996.000646162507,28238.001292325014,28945.061875264677,True,True,253,True,
4,1540770694,-14154.231263781447,28554.462527562893,29261.523110502556,True,True,234,True,
4,137046512,-13991.711019620896,28229.422039241792,28936.482622181455,True,True,258,True,
4,1634535035,-14154.231260348533,28554.462520697067,29261.52310363673,True,True,234,True,
4,952224731,-14312.746364690454,28871.49272938091,29578.55331232057,True,True,209,True,
4,1843166506,-13991.711020370525,28229.42204074105,28936.482623680713,True,True,258,True,
4,1171300101,-14160.012694278852,28566.025388557704,29273.085971497367,True,True,225,True,
4,487991434,-13991.550747126386,28229.101494252773,28936.162077192435,True,True,258,True,
4,184566850,-13991.550747922538,28229.101495845076,28936.16207878474,True,True,258,True,
4,1678403310,-13991.711020239934,28229.42204047987,28936.48262341953,True,True,258,True,
4,1662057920,-13996.000672105543,28238.001344211087,28945.06192715075,True,True,253,True,
4,392022354,-13991.711019254059,28229.422038508117,28936.48262144778,True,True,258,True,
4,796282682,-13993.018252206384,28232.03650441277,28939.09708735243,True,True,279,True,
4,275121926,-13996.000672355834,28238.00134471167,28945.06192765133,True,True,253,True,
4,202244310,-13991.550748014324,28229.10149602865,28936.16207896831,True,True,258,True,
4,1777324397,-14159.76708195519,28565.53416391038,29272.59474685004,True,True,229,True,
