N_STATES,REGIME,ORIGINAL_STATE,REGIME_ORDERING,FEATURE,N_OBSERVATIONS,JARQUE_BERA_STATISTIC,JARQUE_BERA_P_VALUE,RELIABLE_FOR_5_PERCENT_DECISION,NORMAL_AT_5_PERCENT,BONFERRONI_ALPHA_WITHIN_REGIME,NORMAL_AFTER_BONFERRONI_AT_5_PERCENT,NULL_HYPOTHESIS
2,0,1,ascending training-sample SPXT mean,SPXT,502,60.42809966723114,7.554485314846754e-14,True,False,0.008333333333333333,False,regime-conditional feature values are normally distributed
2,0,1,ascending training-sample SPXT mean,DBLCIX,502,44.788763245516655,1.8803713937192652e-10,True,False,0.008333333333333333,False,regime-conditional feature values are normally distributed
2,0,1,ascending training-sample SPXT mean,IBOXIG,502,216.44207750532368,1.000460724159098e-47,True,False,0.008333333333333333,False,regime-conditional feature values are normally distributed
2,0,1,ascending training-sample SPXT mean,JPEICORE,502,1779.254757403044,0.0,True,False,0.008333333333333333,False,regime-conditional feature values are normally distributed
2,0,1,ascending training-sample SPXT mean,LT11TRUU,502,11.106672672888756,0.0038745089900743507,True,False,0.008333333333333333,False,regime-conditional feature values are normally distributed
2,0,1,ascending training-sample SPXT mean,LBUTTRUU,502,256.02796659499745,2.53649171109484e-56,True,False,0.008333333333333333,False,regime-conditional feature values are normally distributed
2,1,0,ascending training-sample SPXT mean,SPXT,1816,55.754779634537826,7.81633982294074e-13,True,False,0.008333333333333333,False,regime-conditional feature values are normally distributed
2,1,0,ascending training-sample SPXT mean,DBLCIX,1816,11.10210766278823,0.0038833626768600385,True,False,0.008333333333333333,False,regime-conditional feature values are normally distributed
2,1,0,ascending training-sample SPXT mean,IBOXIG,1816,71.84444540712728,2.5071302800534808e-16,True,False,0.008333333333333333,False,regime-conditional feature values are normally distributed
2,1,0,ascending training-sample SPXT mean,JPEICORE,1816,79.8147834404336,4.660580231929558e-18,True,False,0.008333333333333333,False,regime-conditional feature values are normally distributed
2,1,0,ascending training-sample SPXT mean,LT11TRUU,1816,37.450295543374665,7.375163454181132e-09,True,False,0.008333333333333333,False,regime-conditional feature values are normally distributed
2,1,0,ascending training-sample SPXT mean,LBUTTRUU,1816,53.27607635748468,2.6992742408343983e-12,True,False,0.008333333333333333,False,regime-conditional feature values are normally distributed
3,0,0,ascending training-sample SPXT mean,SPXT,224,4.620222607995035,0.09925020400037865,True,True,0.008333333333333333,True,regime-conditional feature values are normally distributed
3,0,0,ascending training-sample SPXT mean,DBLCIX,224,5.958547004495029,0.05082974815199342,True,True,0.008333333333333333,True,regime-conditional feature values are normally distributed
3,0,0,ascending training-sample SPXT mean,IBOXIG,224,57.299193878706674,3.6110885690723595e-13,True,False,0.008333333333333333,False,regime-conditional feature values are normally distributed
3,0,0,ascending training-sample SPXT mean,JPEICORE,224,371.44982864017317,2.191263268448557e-81,True,False,0.008333333333333333,False,regime-conditional feature values are normally distributed
3,0,0,ascending training-sample SPXT mean,LT11TRUU,224,2.010766063573732,0.3659044549218628,True,True,0.008333333333333333,True,regime-conditional feature values are normally distributed
3,0,0,ascending training-sample SPXT mean,LBUTTRUU,224,99.98937859344657,1.9390201131287309e-22,True,False,0.008333333333333333,False,regime-conditional feature values are normally distributed
3,1,1,ascending training-sample SPXT mean,SPXT,1216,7.858615937776823,0.01965727129044984,True,False,0.008333333333333333,True,regime-conditional feature values are normally distributed
3,1,1,ascending training-sample SPXT mean,DBLCIX,1216,59.47971178317592,1.2137931820013936e-13,True,False,0.008333333333333333,False,regime-conditional feature values are normally distributed
3,1,1,ascending training-sample SPXT mean,IBOXIG,1216,30.832156325699547,2.0178195306156012e-07,True,False,0.008333333333333333,False,regime-conditional feature values are normally distributed
3,1,1,ascending training-sample SPXT mean,JPEICORE,1216,134.82813020960972,5.27768568828411e-30,True,False,0.008333333333333333,False,regime-conditional feature values are normally distributed
3,1,1,ascending training-sample SPXT mean,LT11TRUU,1216,39.85256273945747,2.218839845609744e-09,True,False,0.008333333333333333,False,regime-conditional feature values are normally distributed
3,1,1,ascending training-sample SPXT mean,LBUTTRUU,1216,109.98222146876563,1.3111852478069236e-24,True,False,0.008333333333333333,False,regime-conditional feature values are normally distributed
3,2,2,ascending training-sample SPXT mean,SPXT,878,2.0775201844798254,0.35389320496964105,True,True,0.008333333333333333,True,regime-conditional feature values are normally distributed
3,2,2,ascending training-sample SPXT mean,DBLCIX,878,0.3011100664679883,0.8602303874445167,True,True,0.008333333333333333,True,regime-conditional feature values are normally distributed
3,2,2,ascending training-sample SPXT mean,IBOXIG,878,98.73648538877282,3.627810693104496e-22,True,False,0.008333333333333333,False,regime-conditional feature values are normally distributed
3,2,2,ascending training-sample SPXT mean,JPEICORE,878,59.64753993788429,1.116095283707217e-13,True,False,0.008333333333333333,False,regime-conditional feature values are normally distributed
3,2,2,ascending training-sample SPXT mean,LT11TRUU,878,33.18397075955087,6.225759009636836e-08,True,False,0.008333333333333333,False,regime-conditional feature values are normally distributed
3,2,2,ascending training-sample SPXT mean,LBUTTRUU,878,20.022962660704508,4.488165908258831e-05,True,False,0.008333333333333333,False,regime-conditional feature values are normally distributed
4,0,2,ascending training-sample SPXT mean,SPXT,633,8.710793027206227,0.01283734839161654,True,False,0.008333333333333333,True,regime-conditional feature values are normally distributed
4,0,2,ascending training-sample SPXT mean,DBLCIX,633,43.38103161157153,3.8012696302578404e-10,True,False,0.008333333333333333,False,regime-conditional feature values are normally distributed
4,0,2,ascending training-sample SPXT mean,IBOXIG,633,2.3445256662749436,0.3096654266705866,True,True,0.008333333333333333,True,regime-conditional feature values are normally distributed
4,0,2,ascending training-sample SPXT mean,JPEICORE,633,51.38955177883004,6.932671429019274e-12,True,False,0.008333333333333333,False,regime-conditional feature values are normally distributed
4,0,2,ascending training-sample SPXT mean,LT11TRUU,633,13.945751507556993,0.0009369545771656862,True,False,0.008333333333333333,False,regime-conditional feature values are normally distributed
4,0,2,ascending training-sample SPXT mean,LBUTTRUU,633,43.01684419727702,4.5604843331764936e-10,True,False,0.008333333333333333,False,regime-conditional feature values are normally distributed
4,1,3,ascending training-sample SPXT mean,SPXT,258,8.699619019077703,0.012909271439347425,True,False,0.008333333333333333,True,regime-conditional feature values are normally distributed
4,1,3,ascending training-sample SPXT mean,DBLCIX,258,9.888812170086311,0.007123143949753844,True,False,0.008333333333333333,False,regime-conditional feature values are normally distributed
4,1,3,ascending training-sample SPXT mean,IBOXIG,258,58.98371333929407,1.5554261184911933e-13,True,False,0.008333333333333333,False,regime-conditional feature values are normally distributed
4,1,3,ascending training-sample SPXT mean,JPEICORE,258,600.2853146819035,4.463752773514839e-131,True,False,0.008333333333333333,False,regime-conditional feature values are normally distributed
4,1,3,ascending training-sample SPXT mean,LT11TRUU,258,1.7250537649357913,0.422094151307176,True,True,0.008333333333333333,True,regime-conditional feature values are normally distributed
4,1,3,ascending training-sample SPXT mean,LBUTTRUU,258,104.43511875937732,2.0999168719798736e-23,True,False,0.008333333333333333,False,regime-conditional feature values are normally distributed
4,2,1,ascending training-sample SPXT mean,SPXT,660,3.9223427338976813,0.14069352062054813,True,True,0.008333333333333333,True,regime-conditional feature values are normally distributed
4,2,1,ascending training-sample SPXT mean,DBLCIX,660,21.448385186146417,2.2006062088769844e-05,True,False,0.008333333333333333,False,regime-conditional feature values are normally distributed
4,2,1,ascending training-sample SPXT mean,IBOXIG,660,50.54147926567638,1.05939330457928e-11,True,False,0.008333333333333333,False,regime-conditional feature values are normally distributed
4,2,1,ascending training-sample SPXT mean,JPEICORE,660,123.01870748250774,1.9356511269329508e-27,True,False,0.008333333333333333,False,regime-conditional feature values are normally distributed
4,2,1,ascending training-sample SPXT mean,LT11TRUU,660,11.006882380402374,0.004072732250248085,True,False,0.008333333333333333,False,regime-conditional feature values are normally distributed
4,2,1,ascending training-sample SPXT mean,LBUTTRUU,660,3.19951871427913,0.2019451087965378,True,True,0.008333333333333333,True,regime-conditional feature values are normally distributed
4,3,0,ascending training-sample SPXT mean,SPXT,767,3.61438909921181,0.16411390499216427,True,True,0.008333333333333333,True,regime-conditional feature values are normally distributed
4,3,0,ascending training-sample SPXT mean,DBLCIX,767,0.046059009007750194,0.9772336505538947,True,True,0.008333333333333333,True,regime-conditional feature values are normally distributed
4,3,0,ascending training-sample SPXT mean,IBOXIG,767,23.856360763040144,6.60171970492344e-06,True,False,0.008333333333333333,False,regime-conditional feature values are normally distributed
4,3,0,ascending training-sample SPXT mean,JPEICORE,767,36.49739022605962,1.1876607675017501e-08,True,False,0.008333333333333333,False,regime-conditional feature values are normally distributed
4,3,0,ascending training-sample SPXT mean,LT11TRUU,767,1.393384196897831,0.4982306789572618,True,True,0.008333333333333333,True,regime-conditional feature values are normally distributed
4,3,0,ascending training-sample SPXT mean,LBUTTRUU,767,0.9764011466069541,0.6137297628909397,True,True,0.008333333333333333,True,regime-conditional feature values are normally distributed
