N_STATES,SPLIT,FEATURE,N_OBSERVATIONS,PIT_KS_STATISTIC,PIT_KS_P_VALUE,PIT_UNIFORM_AT_5_PERCENT,LJUNG_BOX_LAG,LJUNG_BOX_STATISTIC,LJUNG_BOX_P_VALUE,PIT_INDEPENDENT_AT_5_PERCENT,LJUNG_BOX_LAG_20,LJUNG_BOX_LAG_20_STATISTIC,LJUNG_BOX_LAG_20_P_VALUE,PIT_INDEPENDENT_THROUGH_LAG_20_AT_5_PERCENT,SQUARED_PIT_LJUNG_BOX_LAG_10_STATISTIC,SQUARED_PIT_LJUNG_BOX_LAG_10_P_VALUE,SQUARED_PIT_LJUNG_BOX_LAG_20_STATISTIC,SQUARED_PIT_LJUNG_BOX_LAG_20_P_VALUE,ARCH_LM_LAG,ARCH_LM_STATISTIC,ARCH_LM_P_VALUE,NO_VOLATILITY_CLUSTERING_AT_5_PERCENT,PASS_BOTH_AT_5_PERCENT,PASS_ALL_RESIDUAL_TESTS_AT_5_PERCENT,KS_NULL_HYPOTHESIS,LJUNG_BOX_NULL_HYPOTHESIS,VOLATILITY_NULL_HYPOTHESIS
2,validation,SPXT,1890,0.12291912159480134,2.4023687056913856e-25,False,10,13.199856198320758,0.21271134262596617,True,20,21.830515521733577,0.3497777208892727,True,152.47994639252582,1.1508050181649475e-27,194.5074905742339,1.3687141355227285e-30,10,90.52826731623006,4.207795167803982e-15,False,False,False,"one-step PIT is Uniform(0,1)",PIT normal scores have no autocorrelation through lag 20,squared PIT normal scores have no autocorrelation and no ARCH effects
2,validation,DBLCIX,1890,0.09866336097425821,1.8159620542394186e-16,False,10,21.907789366745394,0.01558130893122014,False,20,30.654512495357515,0.05991981866511152,True,144.26929142342456,5.611755412820518e-26,206.4782276490895,5.85923579440718e-33,10,90.39322098641546,4.4755452276852675e-15,False,False,False,"one-step PIT is Uniform(0,1)",PIT normal scores have no autocorrelation through lag 20,squared PIT normal scores have no autocorrelation and no ARCH effects
2,validation,IBOXIG,1890,0.06584802699456027,1.4382828368937537e-07,False,10,37.51110565932674,4.615375576606546e-05,False,20,57.06330106971415,2.0077159461341786e-05,False,398.3035449470637,2.1616040713696187e-79,496.8205268030983,1.3474582194765699e-92,10,251.49551627206046,2.631214937222726e-48,False,False,False,"one-step PIT is Uniform(0,1)",PIT normal scores have no autocorrelation through lag 20,squared PIT normal scores have no autocorrelation and no ARCH effects
2,validation,JPEICORE,1890,0.11974795886447964,4.498653902669806e-24,False,10,333.5129973322957,1.250755157249832e-65,False,20,344.8565717116897,5.1073698924066034e-61,False,331.8976689189162,2.751398347770967e-65,464.0175586693423,9.699485918525313e-86,10,172.69775334964794,7.661680940818539e-32,False,False,False,"one-step PIT is Uniform(0,1)",PIT normal scores have no autocorrelation through lag 20,squared PIT normal scores have no autocorrelation and no ARCH effects
2,validation,LT11TRUU,1890,0.061667218049440864,1.0857414422540004e-06,False,10,16.657413337792764,0.08229668078228776,True,20,27.68694183168367,0.1170197094306376,True,24.810541057228992,0.005716424238296554,53.367334001542126,7.17538428153492e-05,10,25.2727447356255,0.004851809580731472,False,False,False,"one-step PIT is Uniform(0,1)",PIT normal scores have no autocorrelation through lag 20,squared PIT normal scores have no autocorrelation and no ARCH effects
2,validation,LBUTTRUU,1890,0.04861706385424358,0.00025419396538134463,False,10,13.878386271576868,0.17861141269059544,True,20,23.652199480487628,0.2579149604684261,True,62.49640787081294,1.2175685024746062e-09,83.04067357720974,1.1890832553833936e-09,10,50.918680966531056,1.807813865239152e-07,False,False,False,"one-step PIT is Uniform(0,1)",PIT normal scores have no autocorrelation through lag 20,squared PIT normal scores have no autocorrelation and no ARCH effects
2,prediction,SPXT,1731,0.11740535152777201,3.0267161454437182e-21,False,10,66.5853494150009,2.0140394880924695e-10,False,20,78.58810677978018,6.808254704948594e-09,False,996.7935099739393,9.175328228744101e-208,1245.2108631405154,1.5862189800033993e-251,10,341.87720312860847,2.1070737533064144e-67,False,False,False,"one-step PIT is Uniform(0,1)",PIT normal scores have no autocorrelation through lag 20,squared PIT normal scores have no autocorrelation and no ARCH effects
2,prediction,DBLCIX,1731,0.07735530906940902,1.865844313362795e-09,False,10,8.04335375474551,0.6246020753814259,True,20,15.875564922621312,0.7243133787876584,True,122.98665148113786,1.2519657292633996e-21,141.85769795760447,2.246895727403162e-20,10,77.88758246880448,1.3007631339523148e-12,False,False,False,"one-step PIT is Uniform(0,1)",PIT normal scores have no autocorrelation through lag 20,squared PIT normal scores have no autocorrelation and no ARCH effects
2,prediction,IBOXIG,1731,0.04018025601439058,0.007268709004868149,False,10,20.147082641084765,0.027891827639989385,False,20,25.06647202521825,0.19889987754196625,True,729.158542455128,3.443252464183113e-150,944.888585049364,2.176597510415818e-187,10,267.22084720536844,1.2881873943665424e-51,False,False,False,"one-step PIT is Uniform(0,1)",PIT normal scores have no autocorrelation through lag 20,squared PIT normal scores have no autocorrelation and no ARCH effects
2,prediction,JPEICORE,1731,0.11426043262363039,3.835135060278506e-20,False,10,167.08309613777277,1.1137980601823909e-30,False,20,171.14215288773175,5.196947061847899e-26,False,880.7141043136512,9.00170212778465e-183,914.6685604749886,5.931969769091409e-181,10,359.27474326810375,4.281346519130285e-71,False,False,False,"one-step PIT is Uniform(0,1)",PIT normal scores have no autocorrelation through lag 20,squared PIT normal scores have no autocorrelation and no ARCH effects
2,prediction,LT11TRUU,1731,0.06999160976839094,8.09329082132939e-08,False,10,11.489016556882797,0.3207082099438212,True,20,23.758613843660434,0.25309548267150783,True,430.52363899649833,2.9699138601743834e-86,467.42384297929135,1.8860142222853213e-86,10,196.44205935675691,8.904728433350857e-37,False,False,False,"one-step PIT is Uniform(0,1)",PIT normal scores have no autocorrelation through lag 20,squared PIT normal scores have no autocorrelation and no ARCH effects
2,prediction,LBUTTRUU,1731,0.08169026773689303,1.699026864957132e-10,False,10,9.330766568948052,0.5010265867333775,True,20,14.383344084582106,0.8105398910489872,True,513.674368385898,5.2751949297570556e-104,548.8553554755625,1.652299201614819e-103,10,232.4824300865177,2.5904990926107553e-44,False,False,False,"one-step PIT is Uniform(0,1)",PIT normal scores have no autocorrelation through lag 20,squared PIT normal scores have no autocorrelation and no ARCH effects
3,validation,SPXT,1890,0.12309208807292063,2.0429956702000985e-25,False,10,11.165702436451584,0.34475489124627406,True,20,20.73014023954454,0.4131665424326144,True,58.15263502200969,8.091067979371796e-09,75.37975986142163,2.3545072056335595e-08,10,41.29311349191192,1.0012436833652626e-05,False,False,False,"one-step PIT is Uniform(0,1)",PIT normal scores have no autocorrelation through lag 20,squared PIT normal scores have no autocorrelation and no ARCH effects
3,validation,DBLCIX,1890,0.09865351774885689,1.8294123412383854e-16,False,10,20.075122695886677,0.028550107015038965,False,20,27.888825745229,0.11205732993600166,True,163.20986837330815,7.040898029362706e-30,235.12211562723758,1.1239680007192466e-38,10,99.7510010031942,6.112253654100006e-17,False,False,False,"one-step PIT is Uniform(0,1)",PIT normal scores have no autocorrelation through lag 20,squared PIT normal scores have no autocorrelation and no ARCH effects
3,validation,IBOXIG,1890,0.06732238947114941,6.831178070141416e-08,False,10,31.820794341301298,0.0004289179212389336,False,20,50.03961892089197,0.00021860283427657415,False,255.01312206462447,4.789095705102878e-49,343.3399533011653,1.0481022865390523e-60,10,173.5799188465223,5.029338363638905e-32,False,False,False,"one-step PIT is Uniform(0,1)",PIT normal scores have no autocorrelation through lag 20,squared PIT normal scores have no autocorrelation and no ARCH effects
3,validation,JPEICORE,1890,0.12686210361524108,5.64293865487181e-27,False,10,345.36216914442673,3.84099490882505e-68,False,20,356.0332507679992,2.5417917025721116e-63,False,328.8458623349667,1.2198203861952758e-64,447.8839811811379,2.2512124241910866e-82,10,169.36395410622475,3.756571948042816e-31,False,False,False,"one-step PIT is Uniform(0,1)",PIT normal scores have no autocorrelation through lag 20,squared PIT normal scores have no autocorrelation and no ARCH effects
3,validation,LT11TRUU,1890,0.05448641718597158,2.5642687603568928e-05,False,10,15.726999763167434,0.10771859179312618,True,20,28.674399201868376,0.0943713010800473,True,17.36828468539451,0.06660174499022417,37.01439527355002,0.011655610424081376,10,18.976119103746463,0.04056705647894176,False,False,False,"one-step PIT is Uniform(0,1)",PIT normal scores have no autocorrelation through lag 20,squared PIT normal scores have no autocorrelation and no ARCH effects
3,validation,LBUTTRUU,1890,0.055876659193805356,1.4334078657976546e-05,False,10,10.757378567754623,0.37673030905869587,True,20,21.44167710857848,0.37155804912859514,True,61.90035194475004,1.5806871409854884e-09,84.82315783803755,5.872421199884864e-10,10,52.059758280331366,1.1124128526314337e-07,False,False,False,"one-step PIT is Uniform(0,1)",PIT normal scores have no autocorrelation through lag 20,squared PIT normal scores have no autocorrelation and no ARCH effects
3,prediction,SPXT,1731,0.10597739081505805,2.2059292817344437e-17,False,10,35.381293324474065,0.00010746966029860197,False,20,42.06795043481317,0.0027097368672237897,False,269.0916646994694,5.197136128158161e-52,358.9985847821414,6.215224169296835e-64,10,135.5337670883676,3.4600635765270206e-24,False,False,False,"one-step PIT is Uniform(0,1)",PIT normal scores have no autocorrelation through lag 20,squared PIT normal scores have no autocorrelation and no ARCH effects
3,prediction,DBLCIX,1731,0.07798768440545445,1.3262129705677614e-09,False,10,8.320608021606587,0.5975516971101916,True,20,15.30234130638743,0.7588540585036231,True,62.40934883713068,1.2649074022363834e-09,77.81864142724447,9.180059749589487e-09,10,45.37069567852206,1.864135973597525e-06,False,False,False,"one-step PIT is Uniform(0,1)",PIT normal scores have no autocorrelation through lag 20,squared PIT normal scores have no autocorrelation and no ARCH effects
3,prediction,IBOXIG,1731,0.04437884634734855,0.0021187839411129787,False,10,14.438391287949708,0.15391772208972626,True,20,18.036677481321725,0.5849920268519841,True,453.8756386085698,3.1135948553257774e-91,642.9994990484056,2.463694018328027e-123,10,200.57466555712196,1.2247046504463145e-37,False,False,False,"one-step PIT is Uniform(0,1)",PIT normal scores have no autocorrelation through lag 20,squared PIT normal scores have no autocorrelation and no ARCH effects
3,prediction,JPEICORE,1731,0.11558204575677455,1.3305384501824806e-20,False,10,168.83368651298096,4.8367792457979285e-31,False,20,171.65385952918248,4.131939350374746e-26,False,325.8901808036407,5.1585368422984814e-64,346.00673123443374,2.9605965343426166e-61,10,165.65648447355653,2.197243936006022e-30,False,False,False,"one-step PIT is Uniform(0,1)",PIT normal scores have no autocorrelation through lag 20,squared PIT normal scores have no autocorrelation and no ARCH effects
3,prediction,LT11TRUU,1731,0.06335731487162502,1.7484822496428778e-06,False,10,7.51292743960372,0.6762948274075593,True,20,19.048522792619917,0.5186740227541737,True,124.56493321997871,5.979362894594234e-22,156.23743870526252,3.9890703193489083e-23,10,74.52012317160163,5.898917606071018e-12,False,False,False,"one-step PIT is Uniform(0,1)",PIT normal scores have no autocorrelation through lag 20,squared PIT normal scores have no autocorrelation and no ARCH effects
3,prediction,LBUTTRUU,1731,0.08862200863214309,2.8031108393493964e-12,False,10,8.771514896582483,0.5539163684824483,True,20,13.552705003600993,0.8524318518386882,True,308.5553337986335,2.4120945375162256e-60,387.36507576338164,8.498554390880309e-70,10,154.41192031978315,4.6031899637907795e-28,False,False,False,"one-step PIT is Uniform(0,1)",PIT normal scores have no autocorrelation through lag 20,squared PIT normal scores have no autocorrelation and no ARCH effects
4,validation,SPXT,1890,0.11156618241477545,6.035254774588767e-21,False,10,11.019201391310869,0.3560239933391888,True,20,20.47406917754687,0.4286472640282051,True,53.84443520971071,5.186949262514016e-08,71.28250551715774,1.1230753330954606e-07,10,37.48952066903001,4.655355500015929e-05,False,False,False,"one-step PIT is Uniform(0,1)",PIT normal scores have no autocorrelation through lag 20,squared PIT normal scores have no autocorrelation and no ARCH effects
4,validation,DBLCIX,1890,0.10184937823096663,1.6026548710695746e-17,False,10,19.039493353305758,0.03976391472713946,False,20,26.939225001394114,0.1369825300387187,True,145.51955712711526,3.107308075567059e-26,203.39397207582843,2.3953448281660325e-32,10,92.00360046808042,2.1435361890827997e-15,False,False,False,"one-step PIT is Uniform(0,1)",PIT normal scores have no autocorrelation through lag 20,squared PIT normal scores have no autocorrelation and no ARCH effects
4,validation,IBOXIG,1890,0.07282839815970496,3.659842704813221e-09,False,10,31.16799191762654,0.0005503893349951057,False,20,47.38727945607669,0.0005181721195713388,False,235.48606949062025,6.070967727782846e-45,301.92968035919574,3.2615660375471212e-52,10,161.67046329432418,1.4643682898911418e-29,False,False,False,"one-step PIT is Uniform(0,1)",PIT normal scores have no autocorrelation through lag 20,squared PIT normal scores have no autocorrelation and no ARCH effects
4,validation,JPEICORE,1890,0.10984787972659782,2.5652533184363228e-20,False,10,352.281938186657,1.3064643754715333e-69,False,20,362.8983628889859,9.741321496923158e-65,False,343.54146726263303,9.34707364803285e-68,449.59342557213307,9.909155970520194e-83,10,174.6687290293367,2.99098230483319e-32,False,False,False,"one-step PIT is Uniform(0,1)",PIT normal scores have no autocorrelation through lag 20,squared PIT normal scores have no autocorrelation and no ARCH effects
4,validation,LT11TRUU,1890,0.050957288683120994,0.00010509084412352738,False,10,16.010622772592782,0.09932871498200743,True,20,27.935416876874296,0.11093702430698364,True,14.908435897938688,0.1354359501884118,33.40294137127456,0.030458908559852328,10,16.352672001348267,0.08997204764694702,False,False,False,"one-step PIT is Uniform(0,1)",PIT normal scores have no autocorrelation through lag 20,squared PIT normal scores have no autocorrelation and no ARCH effects
4,validation,LBUTTRUU,1890,0.06780914008192818,5.323140642269237e-08,False,10,12.398532932877858,0.25926903447114436,True,20,21.323397147570535,0.3783222882973537,True,48.56601010759337,4.891118915567855e-07,58.14393412313954,1.3743815199349775e-05,10,44.45017261304166,2.731979181093418e-06,False,False,False,"one-step PIT is Uniform(0,1)",PIT normal scores have no autocorrelation through lag 20,squared PIT normal scores have no autocorrelation and no ARCH effects
4,prediction,SPXT,1731,0.10552287455031012,3.082941006211831e-17,False,10,36.291123192261885,7.500852728158834e-05,False,20,43.44229970196707,0.0017861840092367558,False,291.6458391890312,9.057259978349702e-57,383.2304636356733,6.101639746713762e-69,10,141.83162272312413,1.7752264495568484e-25,False,False,False,"one-step PIT is Uniform(0,1)",PIT normal scores have no autocorrelation through lag 20,squared PIT normal scores have no autocorrelation and no ARCH effects
4,prediction,DBLCIX,1731,0.07722373451323017,2.0024933689628595e-09,False,10,8.457172152758494,0.5842731638788631,True,20,16.62050437302486,0.6774604691771822,True,61.48252476672989,1.8976469230811906e-09,75.67139480259677,2.1046608173126828e-08,10,44.94292103395723,2.2269000544458593e-06,False,False,False,"one-step PIT is Uniform(0,1)",PIT normal scores have no autocorrelation through lag 20,squared PIT normal scores have no autocorrelation and no ARCH effects
4,prediction,IBOXIG,1731,0.03848185950955858,0.011559330705415611,False,10,15.652004960060133,0.11003694142494747,True,20,19.930731917757143,0.46227021454240547,True,390.18931171288256,1.1512974057901676e-77,521.9262189171039,7.409547917720335e-98,10,183.04526404373854,5.461542829766264e-34,False,False,False,"one-step PIT is Uniform(0,1)",PIT normal scores have no autocorrelation through lag 20,squared PIT normal scores have no autocorrelation and no ARCH effects
4,prediction,JPEICORE,1731,0.11157489759423933,3.1735309065200896e-19,False,10,150.26780043229783,3.2833721093229e-27,False,20,153.80684548914567,1.1701722267718104e-22,False,383.8497413998689,2.5674372357596667e-76,401.6395541964308,9.340761131756527e-73,10,190.2128686308504,1.7655701736632414e-35,False,False,False,"one-step PIT is Uniform(0,1)",PIT normal scores have no autocorrelation through lag 20,squared PIT normal scores have no autocorrelation and no ARCH effects
4,prediction,LT11TRUU,1731,0.06455669649493131,1.026251640513477e-06,False,10,7.817243261429214,0.6466829550742803,True,20,18.181725374240973,0.5754383937462699,True,113.71173051568077,9.501360849383116e-20,132.63235689641343,1.2481337621352536e-18,10,70.72868865829899,3.2062134160442014e-11,False,False,False,"one-step PIT is Uniform(0,1)",PIT normal scores have no autocorrelation through lag 20,squared PIT normal scores have no autocorrelation and no ARCH effects
4,prediction,LBUTTRUU,1731,0.060964487108170706,4.9129234432680525e-06,False,10,8.261520856383395,0.6033085836817171,True,20,10.483204111672544,0.9585406074209499,True,227.67532355714872,2.637895830246943e-43,250.19017686730058,1.0457657398486446e-41,10,127.96919954990543,1.2119966193705685e-22,False,False,False,"one-step PIT is Uniform(0,1)",PIT normal scores have no autocorrelation through lag 20,squared PIT normal scores have no autocorrelation and no ARCH effects
